gene	drug	approved	score	n_sources	interaction_type	directionality	direction	verdict	passes_evidence	survives
AURKB	BI-811283	False	1.745010642635694	2	inhibitor	INHIBITORY	inhibits	HARMFUL	False	False
AURKB	GSK1070916	False	0.9694503570198302	5	inhibitor,inhibitor	INHIBITORY,INHIBITORY	inhibits	HARMFUL	False	False
AURKB	NERVIANO	False	0.5816702142118981	1			unknown	UNKNOWN	False	False
AURKB	TAK-901	False	0.5816702142118981	1	inhibitor	INHIBITORY	inhibits	HARMFUL	False	False
AURKB	AMG-900	False	0.5816702142118981	5	inhibitor,inhibitor	INHIBITORY,INHIBITORY	inhibits	HARMFUL	False	False
AURKB	PF-03814735	False	0.5816702142118981	2	inhibitor	INHIBITORY	inhibits	HARMFUL	False	False
AURKB	TAK-901	False	0.5816702142118981	1			unknown	UNKNOWN	False	False
AURKB	SNS-314	False	0.5816702142118981	3	inhibitor	INHIBITORY	inhibits	HARMFUL	False	False
AURKB	DANUSERTIB	False	0.4847251785099151	5	inhibitor,inhibitor	INHIBITORY,INHIBITORY	inhibits	HARMFUL	False	False
AURKB	CYC116	False	0.4362526606589235	3	inhibitor	INHIBITORY	inhibits	HARMFUL	False	False
AURKB	BARASERTIB	False	0.4230328830631986	6	inhibitor,inhibitor	INHIBITORY,INHIBITORY	inhibits	HARMFUL	False	False
AURKB	COMPOUND 46 [PMID: 16451062]	False	0.290835107105949	1	inhibitor	INHIBITORY	inhibits	HARMFUL	False	False
AURKB	COMPOUND 10 [PMID: 19402633]	False	0.290835107105949	1	inhibitor	INHIBITORY	inhibits	HARMFUL	False	False
AURKB	VIC 1911	False	0.290835107105949	1	inhibitor	INHIBITORY	inhibits	HARMFUL	False	False
AURKB	COMPOUND 1 [PMID: 21742770]	False	0.290835107105949	1	inhibitor	INHIBITORY	inhibits	HARMFUL	False	False
AURKB	PF-03814735	False	0.290835107105949	1	inhibitor	INHIBITORY	inhibits	HARMFUL	False	False
AURKB	AURORA B/C KINASE INHIBITOR GSK1070916A	False	0.290835107105949	1			unknown	UNKNOWN	False	False
AURKB	AURORA KINASE INHIBITOR II	False	0.290835107105949	1	inhibitor	INHIBITORY	inhibits	HARMFUL	False	False
AURKB	SNS-314	False	0.290835107105949	1	inhibitor	INHIBITORY	inhibits	HARMFUL	False	False
AURKB	CENISERTIB	False	0.290835107105949	5	inhibitor,inhibitor	INHIBITORY,INHIBITORY	inhibits	HARMFUL	False	False
AURKB	KW-2449	False	0.2326680856847592	2	inhibitor,inhibitor	INHIBITORY,INHIBITORY	inhibits	HARMFUL	False	False
AURKB	AT9283	False	0.2115164415315993	4	inhibitor	INHIBITORY	inhibits	HARMFUL	False	False
AURKB	MK-5108	False	0.193890071403966	1			unknown	UNKNOWN	False	False
AURKB	XMD-12	False	0.193890071403966	1	inhibitor	INHIBITORY	inhibits	HARMFUL	False	False
AURKB	COMPOUND 25 [PMID: 20855207]	False	0.193890071403966	1	inhibitor	INHIBITORY	inhibits	HARMFUL	False	False
AURKB	EP-0042	False	0.193890071403966	1	inhibitor	INHIBITORY	inhibits	HARMFUL	False	False
AURKB	TOZASERTIB LACTATE	False	0.193890071403966	1			unknown	UNKNOWN	False	False
AURKB	MK-5108	False	0.193890071403966	1	inhibitor	INHIBITORY	inhibits	HARMFUL	False	False
AURKB	MK-6592	False	0.193890071403966	1	inhibitor	INHIBITORY	inhibits	HARMFUL	False	False
AURKB	TTP-607	False	0.193890071403966	1	inhibitor	INHIBITORY	inhibits	HARMFUL	False	False
AURKB	BMS-754807	False	0.1454175535529745	1			unknown	UNKNOWN	False	False
AURKB	IBCASERTIB	False	0.1454175535529745	1	inhibitor	INHIBITORY	inhibits	HARMFUL	False	False
AURKB	AURORA KINASE INHIBITOR AMG 900	False	0.1454175535529745	1			unknown	UNKNOWN	False	False
AURKB	COMPOUND 38 [PMID: 20817473]	False	0.1454175535529745	1	inhibitor	INHIBITORY	inhibits	HARMFUL	False	False
AURKB	BI-847325	False	0.1454175535529745	2	inhibitor	INHIBITORY	inhibits	HARMFUL	False	False
AURKB	BARASERTIB-HQPA	False	0.1057582207657996	3	inhibitor	INHIBITORY	inhibits	HARMFUL	False	False
AURKB	GSK2334470	False	0.09694503570198303	1	inhibitor	INHIBITORY	inhibits	HARMFUL	False	False
AURKB	WITHAFERIN A	False	0.09694503570198303	1			unknown	UNKNOWN	False	False
AURKB	AR-AO-14418	False	0.09694503570198303	1			unknown	UNKNOWN	False	False
AURKB	DUBERMATINIB	False	0.09694503570198303	1	inhibitor	INHIBITORY	inhibits	HARMFUL	False	False
AURKB	AT-9283	False	0.09694503570198303	1	inhibitor	INHIBITORY	inhibits	HARMFUL	False	False
AURKB	EUPATORIN	False	0.09694503570198303	1			unknown	UNKNOWN	False	False
AURKB	AT-9283	False	0.09694503570198303	1	inhibitor	INHIBITORY	inhibits	HARMFUL	False	False
AURKB	NIK INHIBITOR 12F	False	0.08309574488741402	1	inhibitor	INHIBITORY	inhibits	HARMFUL	False	False
AURKB	TINENGOTINIB	False	0.08309574488741402	1	inhibitor	INHIBITORY	inhibits	HARMFUL	False	False
AURKB	IBCASERTIB	False	0.07270877677648727	1	inhibitor	INHIBITORY	inhibits	HARMFUL	False	False
AURKB	TAK-632	False	0.07270877677648727	1	inhibitor	INHIBITORY	inhibits	HARMFUL	False	False
AURKB	GSK2646264	False	0.07270877677648727	1	inhibitor	INHIBITORY	inhibits	HARMFUL	False	False
AURKB	CDK2 INHIBITOR IV	False	0.07270877677648727	1	inhibitor	INHIBITORY	inhibits	HARMFUL	False	False
AURKB	ZM447439	False	0.06843178990728213	2	inhibitor	INHIBITORY	inhibits	HARMFUL	False	False
AURKB	BX-795	False	0.06463002380132202	1	inhibitor	INHIBITORY	inhibits	HARMFUL	False	False
AURKB	CHEMBL:CHEMBL535331	False	0.06463002380132202	1			unknown	UNKNOWN	False	False
AURKB	MLN-8054	False	0.06463002380132202	2	inhibitor	INHIBITORY	inhibits	HARMFUL	False	False
AURKB	COPANLISIB	True	0.06122844360125243	1			unknown	UNKNOWN	False	False
AURKB	TOZASERTIB	False	0.05816702142118981	5	inhibitor,inhibitor	INHIBITORY,INHIBITORY	inhibits	HARMFUL	False	False
AURKB	BMS-345541	False	0.05816702142118981	1			unknown	UNKNOWN	False	False
AURKB	BELUMOSUDIL	True	0.05816702142118981	1			unknown	UNKNOWN	False	False
AURKB	LAS38096	False	0.05287911038289983	1			unknown	UNKNOWN	False	False
AURKB	ALISERTIB	False	0.03712788601352541	2			unknown	UNKNOWN	False	False
AURKB	(3Z)-N,N-DIMETHYL-2-OXO-3-(4,5,6,7-TETRAHYDRO-1H-INDOL-2-YLMETHYLIDENE)-2,3-DIHYDRO-1H-INDOLE-5-SULFONAMIDE	False	0.02529000931356078	1	inhibitor	INHIBITORY	inhibits	HARMFUL	False	False
AURKB	ENMD-2076	False	0.02326680856847592	1	inhibitor	INHIBITORY	inhibits	HARMFUL	False	False
AURKB	JNJ-7706621	False	0.02237193131584223	2	inhibitor	INHIBITORY	inhibits	HARMFUL	False	False
AURKB	ILORASERTIB	False	0.0221588653033104	4	inhibitor,inhibitor	INHIBITORY,INHIBITORY	inhibits	HARMFUL	False	False
AURKB	HESPERADIN	False	0.02181263303294618	2	inhibitor,inhibitor	INHIBITORY,INHIBITORY	inhibits	HARMFUL	False	False
AURKB	FASUDIL	False	0.02154334126710733	1			unknown	UNKNOWN	False	False
AURKB	LAPATINIB	True	0.02005759359351373	1			unknown	UNKNOWN	False	False
AURKB	CHEMBL:CHEMBL546797	False	0.01817719419412181	1			unknown	UNKNOWN	False	False
AURKB	CYC-116	False	0.01798980043954324	2	inhibitor	INHIBITORY	inhibits	HARMFUL	False	False
AURKB	BAY 61-3606	False	0.01454175535529745	1			unknown	UNKNOWN	False	False
AURKB	SNS-314	False	0.013849290814569	1	inhibitor	INHIBITORY	inhibits	HARMFUL	False	False
AURKB	CP-547632	False	0.01352721428399763	1			unknown	UNKNOWN	False	False
AURKB	CHEMBL:CHEMBL379975	False	0.01321977759572495	1			unknown	UNKNOWN	False	False
AURKB	DACTOLISIB	False	0.01321977759572495	1			unknown	UNKNOWN	False	False
AURKB	SP-600125	False	0.01307124076880669	1			unknown	UNKNOWN	False	False
AURKB	GSK269962A	False	0.01264500465678039	1			unknown	UNKNOWN	False	False
AURKB	G&OUML; 6976	False	0.01264500465678039	1			unknown	UNKNOWN	False	False
AURKB	KENPAULLONE	False	0.01237596200450847	1			unknown	UNKNOWN	False	False
AURKB	CEDIRANIB	False	0.011870820698202	1			unknown	UNKNOWN	False	False
AURKB	PAZOPANIB	True	0.011870820698202	1			unknown	UNKNOWN	False	False
AURKB	PD166285	False	0.01077167063355366	1			unknown	UNKNOWN	False	False
AURKB	VANDETANIB	True	0.01038696811092675	1			unknown	UNKNOWN	False	False
AURKB	ENTRECTINIB	True	0.01020474060020873	1			unknown	UNKNOWN	False	False
AURKB	ERLOTINIB	True	0.01020474060020873	1			unknown	UNKNOWN	False	False
AURKB	GW441756X	False	0.008948772526336895	1			unknown	UNKNOWN	False	False
AURKB	LINIFANIB	False	0.008309574488741402	1			unknown	UNKNOWN	False	False
AURKB	DASATINIB ANHYDROUS	True	0.007968085126190384	1			unknown	UNKNOWN	False	False
AURKB	DOVITINIB	False	0.006391980375954924	1			unknown	UNKNOWN	False	False
AURKB	SORAFENIB	True	0.005816702142118981	1			unknown	UNKNOWN	False	False
AURKB	NVP-TAE684	False	0.005647283633125224	1			unknown	UNKNOWN	False	False
AURKB	PF-562271	False	0.005592982828960559	1			unknown	UNKNOWN	False	False
AURKB	CENISERTIB	False	0.005058001862712157	1	inhibitor	INHIBITORY	inhibits	HARMFUL	False	False
CFTR	TEZACAFTOR	True	10.80244683536382	5	positive modulator,activator	ACTIVATING,ACTIVATING	activates	COMPENSATORY	True	True
CFTR	LUMACAFTOR	True	7.561712784754676	6	modulator		unknown	UNKNOWN	True	False
CFTR	ELEXACAFTOR	True	6.481468101218293	3	activator	ACTIVATING	activates	COMPENSATORY	True	True
CFTR	CROFELEMER	True	2.160489367072764	4	inhibitor,inhibitor	INHIBITORY,INHIBITORY	inhibits	HARMFUL	True	False
CFTR	IOWH-032	False	2.160489367072764	2	inhibitor	INHIBITORY	inhibits	HARMFUL	False	False
CFTR	DEUTIVACAFTOR	True	2.160489367072764	2	activator,activator	ACTIVATING,ACTIVATING	activates	COMPENSATORY	True	True
CFTR	NAVOCAFTOR	False	2.160489367072764	2	positive modulator	ACTIVATING	activates	COMPENSATORY	False	False
CFTR	VANZACAFTOR	True	2.160489367072764	2	positive modulator,activator	ACTIVATING,ACTIVATING	activates	COMPENSATORY	True	True
CFTR	GALICAFTOR	False	2.160489367072764	2	positive modulator	ACTIVATING	activates	COMPENSATORY	False	False
CFTR	IVACAFTOR	True	1.80040780589397	5	activator,positive modulator	ACTIVATING,ACTIVATING	activates	COMPENSATORY	True	True
CFTR	SULFONAMIDE-01	False	1.080244683536382	1	activator	ACTIVATING	activates	COMPENSATORY	False	False
CFTR	TEZACAFTOR AND IVACAFTOR	True	1.080244683536382	1			unknown	UNKNOWN	False	False
CFTR	(R)-BPO-27	False	1.080244683536382	1	inhibitor	INHIBITORY	inhibits	HARMFUL	False	False
CFTR	ICENTICAFTOR	False	1.080244683536382	1	activator	ACTIVATING	activates	COMPENSATORY	False	False
CFTR	BAMOCAFTOR	False	1.080244683536382	1			unknown	UNKNOWN	False	False
CFTR	UCCF-339	False	1.080244683536382	1	activator	ACTIVATING	activates	COMPENSATORY	False	False
CFTR	CFTRINH-172	False	1.080244683536382	1	inhibitor	INHIBITORY	inhibits	HARMFUL	False	False
CFTR	PHENYLGLYCINE-01	False	1.080244683536382	1	activator	ACTIVATING	activates	COMPENSATORY	False	False
CFTR	GLPG2737	False	1.080244683536382	1	activator	ACTIVATING	activates	COMPENSATORY	False	False
CFTR	GLYH-101	False	1.080244683536382	1	blocker	INHIBITORY	inhibits	HARMFUL	False	False
CFTR	OLACAFTOR	False	1.080244683536382	1	positive modulator	ACTIVATING	activates	COMPENSATORY	False	False
CFTR	ABBV-3221	False	1.080244683536382	1	activator	ACTIVATING	activates	COMPENSATORY	False	False
CFTR	CBIQ	False	1.080244683536382	1	activator	ACTIVATING	activates	COMPENSATORY	False	False
CFTR	BAMOCAFTOR	False	1.080244683536382	1	positive modulator	ACTIVATING	activates	COMPENSATORY	False	False
CFTR	GATX1	False	1.080244683536382	1	inhibitor	INHIBITORY	inhibits	HARMFUL	False	False
CFTR	GLPG-1837	False	1.080244683536382	1			unknown	UNKNOWN	False	False
CFTR	ELEXACAFTOR	True	1.080244683536382	1	positive modulator	ACTIVATING	activates	COMPENSATORY	False	False
CFTR	GLPG1837	False	1.080244683536382	1	activator	ACTIVATING	activates	COMPENSATORY	False	False
CFTR	GLPG-2737	False	1.080244683536382	1			unknown	UNKNOWN	False	False
CFTR	UCCF-853	False	1.080244683536382	1	activator	ACTIVATING	activates	COMPENSATORY	False	False
CFTR	ICENTICAFTOR	False	1.080244683536382	1			unknown	UNKNOWN	False	False
CFTR	COMPOUND 16D [PMID: 36573286]	False	1.080244683536382	1	activator	ACTIVATING	activates	COMPENSATORY	False	False
CFTR	CYSTEAMINE HYDROCHLORIDE	True	0.7201631223575882	1			unknown	UNKNOWN	False	False
CFTR	UCCF-029	False	0.5401223417681911	1	activator	ACTIVATING	activates	COMPENSATORY	False	False
CFTR	ROFLUMILAST	True	0.4320978734145528	1			unknown	UNKNOWN	False	False
CFTR	NS004	False	0.3600815611787941	1	activator	ACTIVATING	activates	COMPENSATORY	False	False
CFTR	NPPB	False	0.2700611708840955	1			unknown	UNKNOWN	False	False
CFTR	SCRIPTAID	False	0.180040780589397	1			unknown	UNKNOWN	False	False
CFTR	VITAMIN A COMPOUND	False	0.1270876098278096	1			unknown	UNKNOWN	False	False
CFTR	ENTINOSTAT	False	0.1270876098278096	1			unknown	UNKNOWN	False	False
CFTR	TRICHOSTATIN A	False	0.1137099666880402	1			unknown	UNKNOWN	False	False
CFTR	GENISTEIN	True	0.07449963334733671	3	activator	ACTIVATING	activates	COMPENSATORY	False	False
CFTR	FELODIPINE	True	0.07201631223575881	1	activator	ACTIVATING	activates	COMPENSATORY	False	False
CFTR	CAPSAICIN	True	0.06751529272102388	1	activator	ACTIVATING	activates	COMPENSATORY	False	False
CFTR	NIMODIPINE	True	0.05685498334402011	1	activator	ACTIVATING	activates	COMPENSATORY	False	False
CFTR	VORINOSTAT	True	0.04409161973617886	1			unknown	UNKNOWN	False	False
CFTR	CURCUMIN	True	0.04000906235319934	1			unknown	UNKNOWN	False	False
CFTR	GLYBURIDE	True	0.04000906235319934	1	blocker	INHIBITORY	inhibits	HARMFUL	False	False
CFTR	APIGENIN	True	0.034846602694722	1	activator	ACTIVATING	activates	COMPENSATORY	False	False
GBA1	AFEGOSTAT	False	4.537027670852805	2			unknown	UNKNOWN	False	False
GBA1	VELAGLUCERASE ALFA	True	3.02468511390187	2			unknown	UNKNOWN	True	False
GBA1	AMBROXOL	True	3.02468511390187	1			unknown	UNKNOWN	False	False
GBA1	AFEGOSTAT TARTRATE	False	3.02468511390187	2	modulator		unknown	UNKNOWN	False	False
GBA1	NCGC607	False	1.512342556950935	1			unknown	UNKNOWN	False	False
GBA1	CIRSIMARITIN	False	1.512342556950935	1			unknown	UNKNOWN	False	False
GBA1	TALIGLUCERASE ALFA	True	1.512342556950935	1			unknown	UNKNOWN	False	False
GBA1	CHEMBL:CHEMBL588327	False	1.512342556950935	1			unknown	UNKNOWN	False	False
GBA1	CHEMBL:CHEMBL408500	False	1.512342556950935	1			unknown	UNKNOWN	False	False
GBA1	AMBROXOL	False	1.512342556950935	1			unknown	UNKNOWN	False	False
GBA1	CHEMBL:CHEMBL529939	False	1.512342556950935	1			unknown	UNKNOWN	False	False
GBA1	APTIGANEL HYDROCHLORIDE	False	0.7561712784754676	1			unknown	UNKNOWN	False	False
GBA1	CHEMBL:CHEMBL1379900	False	0.7561712784754676	1			unknown	UNKNOWN	False	False
GBA1	CASTANOSPERMINE	False	0.7561712784754676	1			unknown	UNKNOWN	False	False
GBA1	SULFANITRAN	False	0.7561712784754676	1			unknown	UNKNOWN	False	False
GBA1	CHEMBL:CHEMBL603154	False	0.5041141856503117	1			unknown	UNKNOWN	False	False
GBA1	CHEMBL:CHEMBL578928	False	0.3780856392377338	1			unknown	UNKNOWN	False	False
GBA1	2,3-DIHYDROXY-6,7-DICHLOROQUINOXALINE	False	0.302468511390187	1			unknown	UNKNOWN	False	False
GBA1	MIGALASTAT	True	0.302468511390187	1			unknown	UNKNOWN	False	False
GBA1	L 755507	False	0.302468511390187	1			unknown	UNKNOWN	False	False
GBA1	DNQX	False	0.302468511390187	1			unknown	UNKNOWN	False	False
GBA1	CHEMBL:CHEMBL579837	False	0.2520570928251558	1			unknown	UNKNOWN	False	False
GBA1	DOMIPHEN BROMIDE	False	0.2160489367072764	1			unknown	UNKNOWN	False	False
GBA1	CHEMBL:CHEMBL528181	False	0.2160489367072764	1			unknown	UNKNOWN	False	False
GBA1	CHEMBL:CHEMBL73711	False	0.2160489367072764	1			unknown	UNKNOWN	False	False
GBA1	CHEMBL:CHEMBL1169388	False	0.1680380618834372	1			unknown	UNKNOWN	False	False
GBA1	ISOLIQUIRITIGENIN	False	0.1260285464125779	1			unknown	UNKNOWN	False	False
GBA1	GENTIAN VIOLET CATION	True	0.08896132687946677	1			unknown	UNKNOWN	False	False
GBA1	CHLORHEXIDINE GLUCONATE	True	0.07959697668162816	1			unknown	UNKNOWN	False	False
GBA1	TRICHOSTATIN A	False	0.07959697668162816	1			unknown	UNKNOWN	False	False
GBA1	METITEPINE	False	0.07201631223575881	1			unknown	UNKNOWN	False	False
GBA1	PHLORETIN	False	0.07201631223575881	1			unknown	UNKNOWN	False	False
GBA1	RALOXIFENE HYDROCHLORIDE	True	0.06874284349776978	1			unknown	UNKNOWN	False	False
GBA1	EBSELEN	False	0.04320978734145529	1			unknown	UNKNOWN	False	False
GBA1	GENISTEIN	True	0.02607487167156785	1			unknown	UNKNOWN	False	False
PAH	CARBOCYSTEINE	True	15.12342556950935	1			unknown	UNKNOWN	False	False
PAH	SAPROPTERIN DIHYDROCHLORIDE	True	15.12342556950935	2	activator	ACTIVATING	activates	COMPENSATORY	True	True
PAH	PEGVALIASE	True	7.561712784754675	1			unknown	UNKNOWN	False	False
PAH	SAPROPTERIN	True	5.671284588566007	3	activator	ACTIVATING	activates	COMPENSATORY	True	True
PAH	SEPIAPTERIN	False	3.780856392377337	1	activator	ACTIVATING	activates	COMPENSATORY	False	False
PAH	FENCLONINE	False	1.890428196188668	1	inhibitor	INHIBITORY	inhibits	HARMFUL	False	False
PAH	ATENOLOL	True	0.4200951547085931	1			unknown	UNKNOWN	False	False
