run	compound	pert_id	score	cell_id	dose	dose_unit	pubchem_id	compound_class
A375	Urapidil hydrochloride	BRD-K73196317	0.0167	MCF7	10.0	um	5639	unclassified
A375	dasatinib	BRD-K49328571	0.0167	HCC515	0.12	um	3062316	other kinase inhibitor
A375	AS-605240	BRD-K41895714	0.0167	HME1	0.12	um	10377751	other kinase inhibitor
A375	Bay 11-7821	BRD-K15025317	0.0134	PC3	10.0	um	5353431	NF-kB / innate immune inhibitor
A375	AS605240	BRD-K41895714	0.0134	RKO	10.0	um	10377751	other kinase inhibitor
A375	2-[(chloroacetyl)(4-methoxyphenyl)amino]-N-(2-phenylethyl)-2-thien-2-ylacetamide	BRD-A72180425	0.0134	VCAP	10.0	um	3689416	unclassified
A375	vinorelbine	BRD-K97514127	0.0134	VCAP	10.0	um	13200033	antimitotic / tubulin
A375	S1362	BRD-K35687265	0.0134	VCAP	10.0	um	73707390	unclassified
A375	Sulfaquinoxaline sodium salt	BRD-K71133585	0.0134	PC3	10.0	um	5338	unclassified
A375	pelitinib	BRD-K08799216	0.0134	SKBR3	10	um	6445562	unclassified
A375	linifanib	BRD-K99749624	0.0134	HME1	1.11	um	11485656	other kinase inhibitor
A375	selumetinib	BRD-K57080016	0.0134	HME1	10	um	10127622	other kinase inhibitor
A375	CGP-60474	BRD-K79090631	0.0134	HME1	3.33	um	644215	mitotic / CDK kinase inhibitor
A375	AZD-7762	BRD-K46056750	0.0134	HME1	3.33	um	67077825	mitotic / CDK kinase inhibitor
A375	selumetinib	BRD-K57080016	0.0134	HME1	3.33	um	10127622	other kinase inhibitor
A375	CGP-60474	BRD-K79090631	0.0134	MCF7	0.37	um	644215	mitotic / CDK kinase inhibitor
A375	CGP 71683 hydrochloride	BRD-K31912990	0.01	HA1E	10.0	um	5312114	unclassified
A375	RS 39604 hydrochloride	BRD-K20742498	0.01	HA1E	10.0	um	5145950	unclassified
A375	TESTOSTERONE	BRD-A55393291	0.01	VCAP	10.0	um	5701998	unclassified
A375	QUINACRINE HYDROCHLORIDE	BRD-A45889380	0.01	HT29	10.0	um	23581813	unclassified
A375	vorinostat	BRD-K81418486	0.01	HT29	10.0	um	5311	HDAC inhibitor
A375	HKI-272	BRD-K85606544	0.01	COV644	10.0	um	9915743	other kinase inhibitor
A375	Parthenolide	BRD-K81651477	0.01	H1299	20.0	um	5420804	NF-kB / innate immune inhibitor
A375	Lonidamine	BRD-K78513633	0.01	HT29	177.6	um	39562	unclassified
A375	ZM 336372	BRD-K73789395	0.01	HT29	102.71	um	5730	unclassified
A375	528116.cdx	BRD-K49371609	0.01	MCF7	0.09	um	10275789	unclassified
A375	VX-680	BRD-K87947369	0.01	MDST8	10.0	um	5494449	mitotic / CDK kinase inhibitor
A375	Narciclasine	BRD-K06792661	0.01	NCIH1836	10.0	um	72376	protein synthesis inhibitor
A375	SID 26681509	BRD-K08417745	0.01	NCIH1836	88.8	um	44456237	unclassified
A375	chaetocin	BRD-A85860691	0.01	PC3	0.08	um	161591	unclassified
A375	16beta-Bromoandrosterone	BRD-K98404142	0.01	PC3	11.1	um	16219061	unclassified
A375	PROSTAGLANDIN A1	BRD-K04010869	0.01	RKO	1.0	um	5281912	unclassified
A375	vorinostat	BRD-K81418486	0.01	RKO	11.1000003815	um	5311	HDAC inhibitor
A375	CYT997	BRD-K23363278	0.01	VCAP	1.0	um	11351021	antimitotic / tubulin
A375	NCGC00183255-01	BRD-K26767475	0.01	HT29	10.0	um	44142043	unclassified
A375	geldanamycin	BRD-A19500257	0.01	PC3	10.0	um	13017911	HSP90 inhibitor
A375	VU0365114-2	BRD-K37456065	0.01	HT29	10.0	um	45281794	unclassified
A375	TL_HRAS24 BRD-K93060291	BRD-K93060291	0.01	VCAP	10.0	um	49766518	unclassified
A375	geldanamycin	BRD-A19500257	0.01	VCAP	10.0	um	13017911	HSP90 inhibitor
A375	vincristine	BRD-K82109576	0.01	HT29	10.0	um	5388992	antimitotic / tubulin
A549	AT-7519	BRD-K13390322	0.0301	MDAMB231	3.33	um	11338033	mitotic / CDK kinase inhibitor
A549	DOXORUBICIN	BRD-A52530684	0.0268	HA1E	10.0	um	6916127	topoisomerase / DNA damage
A549	triptolide	BRD-K39484304	0.0268	PC3	10.0	um	107985	protein synthesis inhibitor
A549	230752	BRD-A11702965	0.0268	MCF7	10.0	um	73707419	unclassified
A549	DOXORUBICIN	BRD-A52530684	0.0234	HCC515	10.0	um	6916127	topoisomerase / DNA damage
A549	DAUNORUBICIN	BRD-K43389675	0.0234	PC3	10.0	um	30323	topoisomerase / DNA damage
A549	16-HYDROXYTRIPTOLIDE	BRD-A13122391	0.0234	HA1E	0.08	um	16220015	protein synthesis inhibitor
A549	H7270	BRD-A39646320	0.0234	MCF7	10.0	um	3571	unclassified
A549	alvocidib	BRD-K87909389	0.0234	HME1	0.12	um	5287969	unclassified
A549	linifanib	BRD-K99749624	0.0234	HME1	10	um	11485656	other kinase inhibitor
A549	CGP-60474	BRD-K79090631	0.0234	LNCAP	0.12	um	644215	mitotic / CDK kinase inhibitor
A549	alvocidib	BRD-K87909389	0.0234	MDAMB231	10	um	5287969	unclassified
A549	ER 27319 maleate	BRD-K11927976	0.0201	HCC515	10.0	um	9799509	unclassified
A549	EPIRUBICIN HYDROCHLORIDE	BRD-K04548931	0.0201	PC3	10.0	um	65348	topoisomerase / DNA damage
A549	528116.cdx	BRD-K49371609	0.0201	HA1E	0.09	um	10275789	unclassified
A549	vorinostat	BRD-K81418486	0.0201	HA1E	10.0	um	5311	HDAC inhibitor
A549	vorinostat	BRD-K81418486	0.0201	HEPG2	11.1	um	5311	HDAC inhibitor
A549	16-HYDROXYTRIPTOLIDE	BRD-A13122391	0.0201	MCF7	0.08	um	16220015	protein synthesis inhibitor
A549	AS605240	BRD-K41895714	0.0201	RKO	10.0	um	10377751	other kinase inhibitor
A549	dactinomycin	BRD-K70578146	0.0201	HT29	10.0	um	457193	topoisomerase / DNA damage
A549	triptolide	BRD-K39484304	0.0201	HT29	10.0	um	107985	protein synthesis inhibitor
A549	epirubicin	BRD-K04548931	0.0201	PC3	10.0	um	65348	topoisomerase / DNA damage
A549	F3055	BRD-K87909389	0.0201	MCF7	10.0	um	5287969	unclassified
A549	trichostatin A	BRD-A19037878	0.0201	NEU	10.0	um	6376322	HDAC inhibitor
A549	S1216	BRD-K17210248	0.0201	HEPG2	10.0	um	46931007	unclassified
A549	HY-10005	BRD-K87909389	0.0201	HEPG2	10.0	um	5287969	unclassified
A549	HY-10005	BRD-K87909389	0.0201	MCF7	10.0	um	5287969	unclassified
A549	230752	BRD-A11702965	0.0201	HA1E	10.0	um	73707419	unclassified
A549	vorinostat	BRD-K81418486	0.0201	MCF7	10.0	um	5311	HDAC inhibitor
A549	P8624	BRD-K83794624	0.0201	MCF7	10.0	um	11296583	unclassified
A549	S1205	BRD-M16762496	0.0201	MCF7	10.0	um	73707389	unclassified
A549	trichostatin A	BRD-A19037878	0.0201	A375	10.0	um	6376322	HDAC inhibitor
A549	CGP-60474	BRD-K79090631	0.0201	HS578T	1.11	um	644215	mitotic / CDK kinase inhibitor
A549	WZ-3105	BRD-K92571446	0.0201	HS578T	10	um	42628507	unclassified
A549	QL-X-138	BRD-K72636697	0.0201	HA1E	10	um	73707530	unclassified
A549	CGP-60474	BRD-K79090631	0.0201	HME1	3.33	um	644215	mitotic / CDK kinase inhibitor
A549	CGP-60474	BRD-K79090631	0.0201	HME1	0.04	um	644215	mitotic / CDK kinase inhibitor
A549	A443654	BRD-K88573743	0.0201	HME1	1.11	um		unclassified
A549	BMS-387032	BRD-K43389698	0.0201	HS578T	10	um	3025986	mitotic / CDK kinase inhibitor
A549	alvocidib	BRD-K87909389	0.0201	HS578T	0.12	um	5287969	unclassified
A549	alvocidib	BRD-K87909389	0.0201	HS578T	0.37	um	5287969	unclassified
A549	BMS-387032	BRD-K43389698	0.0201	HS578T	0.37	um	3025986	mitotic / CDK kinase inhibitor
A549	JNK-9L	BRD-K19220233	0.0201	MCF10A	10	um	59588070	other kinase inhibitor
A549	BMS-387032	BRD-K43389698	0.0201	MCF10A	1.11	um	3025986	mitotic / CDK kinase inhibitor
A549	BMS-387032	BRD-K43389698	0.0201	MCF10A	10	um	3025986	mitotic / CDK kinase inhibitor
A549	AZD-5438	BRD-K72414522	0.0201	MCF10A	10	um	16747683	mitotic / CDK kinase inhibitor
HA1E	vincristine	BRD-K82109576	0.0133	PC3	10.0	um	5388992	antimitotic / tubulin
HA1E	trichostatin A	BRD-K68202742	0.0133	ASC	10.0	um	444732	HDAC inhibitor
HA1E	C8273	BRD-K25504083	0.0133	HEPG2	10.0	um	44634700	unclassified
HA1E	trichostatin A	BRD-A19037878	0.0133	NPC	10.0	um	6376322	HDAC inhibitor
HA1E	Lanatoside C	BRD-K36760124	0.0133	PC3	10.0	um	73707447	cardiac glycoside
HA1E	Digoxin	BRD-K40476324	0.0133	PC3	10.0	um	73707466	cardiac glycoside
HA1E	trametinib	BRD-K12343256	0.0133	A375	1.11	um	11707110	unclassified
HA1E	trametinib	BRD-K12343256	0.0133	A375	3.33	um	11707110	unclassified
HA1E	buparlisib	BRD-K42191735	0.0133	A375	10	um	16654980	unclassified
HA1E	AZD-8330	BRD-K37687095	0.0133	A375	0.37	um	16666708	unclassified
HA1E	AZD-8330	BRD-K37687095	0.0133	A375	3.33	um	16666708	unclassified
HA1E	JNK-IN-5A	BRD-K76401790	0.0133	PC3	0.12	um		other kinase inhibitor
HA1E	ON-01910	BRD-K55187425	0.0133	A549	3.33	um	6918736	mitotic / CDK kinase inhibitor
HA1E	erlotinib	BRD-K70401845	0.0133	HCC515	1.11	um	176871	unclassified
HA1E	PD-0325901	BRD-K49865102	0.0133	A375	1.11	um	9826528	unclassified
HA1E	AS-605240	BRD-K41895714	0.0133	HME1	1.11	um	10377751	other kinase inhibitor
HA1E	PD-0325901	BRD-K49865102	0.0133	HME1	0.04	um	9826528	unclassified
HA1E	QL-XII-47	BRD-K99252563	0.0133	HS578T	3.33	um	71748056	unclassified
HA1E	PD-0325901	BRD-K49865102	0.0133	MDAMB231	0.12	um	9826528	unclassified
HA1E	selumetinib	BRD-K57080016	0.0133	MDAMB231	1.11	um	10127622	other kinase inhibitor
HA1E	AS-605240	BRD-K41895714	0.0133	MDAMB231	1.11	um	10377751	other kinase inhibitor
HA1E	afatinib	BRD-A58767537	0.0133	PC3	10	um	22225683	unclassified
HA1E	SARMENTOGENIN	BRD-A89434049	0.01	PC3	10.0	um	6708600	unclassified
HA1E	CYMARIN	BRD-A71459254	0.01	PC3	10.0	um	6708764	cardiac glycoside
HA1E	cinobufagin	BRD-A80502530	0.01	PC3	10.0	um	23947601	unclassified
HA1E	Digoxigenin	BRD-K18619710	0.01	PC3	10.0	um	15478	cardiac glycoside
HA1E	PODOFILOX	BRD-K47869605	0.01	PC3	10.0	um	10607	antimitotic / tubulin
HA1E	wortmannin	BRD-A75409952	0.01	HEPG2	10.0	um	5691	other kinase inhibitor
HA1E	Ouabain	BRD-A46747628	0.01	PC3	10.0	um	4605	cardiac glycoside
HA1E	OXIBENDAZOLE	BRD-K52075715	0.01	PC3	10.0	um	4622	unclassified
HA1E	Digitoxigenin	BRD-K18518344	0.01	A549	10.0	um	4369270	cardiac glycoside
HA1E	PERIPLOCYMARIN	BRD-A45333398	0.01	PC3	10.0	um	6708762	cardiac glycoside
HA1E	Digitoxigenin	BRD-K18518344	0.01	PC3	10.0	um	4369270	cardiac glycoside
HA1E	PP-110	BRD-K03618428	0.01	AGS	22.2	um	24905203	unclassified
HA1E	Tpl2	BRD-K00088062	0.01	HCC515	40.0	um	17759555	unclassified
HA1E	MW-ras12	BRD-A36275421	0.01	HEC108	10.0	um	3689413	unclassified
HA1E	16-HYDROXYTRIPTOLIDE	BRD-A13122391	0.01	JHUEM2	0.08	um	16220015	protein synthesis inhibitor
HA1E	CHR 2797	BRD-K92241597	0.01	MCF7	80.0	um	15547703	proteasome inhibitor
HA1E	Tyrphostin AG 1478	BRD-K68336408	0.01	PC3	56.78	um	2051	unclassified
HA1E	AG14361	BRD-K00615600	0.01	PL21	25.0	um	9840076	topoisomerase / DNA damage
HA1E	SB 216763	BRD-K59184148	0.01	PL21	10.0	um	176158	unclassified
HA1E	Parthenolide	BRD-K81651477	0.01	PL21	20.0	um	5420804	NF-kB / innate immune inhibitor
HA1E	auranofin	BRD-A79465854	0.01	SKM1	10.0	um	0	unclassified
HA1E	CT-200783	BRD-K02822062	0.01	SKM1	10.0	um	73707405	unclassified
HA1E	Chemistry 2804	BRD-K74402642	0.01	SKM1	10.0	um	6477762	unclassified
HA1E	trichostatin A	BRD-A19037878	0.01	T3M10	10.0	um	6376322	HDAC inhibitor
HA1E	16-HYDROXYTRIPTOLIDE	BRD-A13122391	0.01	THP1	0.08	um	16220015	protein synthesis inhibitor
HCC515	Diflorasone Diacetate	BRD-K17674993	0.02	VCAP	10.0	um	71414	corticosteroid / immunosuppressant
HCC515	P2499	BRD-K97764662	0.02	NPC	10.0	um	1401	unclassified
HCC515	D-64131	BRD-K26997899	0.0167	HA1E	10.0	um	3921152	antimitotic / tubulin
HCC515	FELAMIDIN	BRD-K36638198	0.0167	HA1E	10.0	um	1042895	unclassified
HCC515	WAY 170523	BRD-K36198571	0.0167	HA1E	10.0	um	9830392	unclassified
HCC515	CYCLOSPORINE	BRD-A69815203	0.0167	PC3	10.0	um	5280754	corticosteroid / immunosuppressant
HCC515	DL-PDMP	BRD-K05653692	0.0167	THP1	64.0	um	16219895	unclassified
HCC515	MK-0591	BRD-K39503511	0.0167	THP1	80.0	um	60923	unclassified
HCC515	HY-10161	BRD-K59369769	0.0167	NPC	10.0	um	5494449	unclassified
HCC515	CGP 37157	BRD-A35623999	0.0133	HA1E	10.0	um	2688	unclassified
HCC515	Oxymetazoline hydrochloride	BRD-K16195444	0.0133	HA1E	10.0	um	4636	unclassified
HCC515	Cilostamide	BRD-K28578425	0.0133	HA1E	10.0	um	2753	unclassified
HCC515	ISORESERPINE	BRD-K37080523	0.0133	HA1E	10.0	um	5701996	unclassified
HCC515	Kenpaullone	BRD-K37312348	0.0133	HA1E	10.0	um	3820	mitotic / CDK kinase inhibitor
HCC515	FLUFENAMIC ACID	BRD-K44067360	0.0133	HA1E	10.0	um	3371	unclassified
HCC515	PP 1	BRD-K47598052	0.0133	HA1E	10.0	um	1400	unclassified
HCC515	R(+)-6-BROMO-APB	BRD-K60932973	0.0133	HA1E	10.0	um	10452020	unclassified
HCC515	Norethynodrel	BRD-K80334323	0.0133	HA1E	10.0	um	6231	unclassified
HCC515	Nefazodone hydrochloride	BRD-K90789829	0.0133	HA1E	10.0	um	54911	unclassified
HCC515	Deoxycorticosterone	BRD-K98521173	0.0133	HA1E	10.0	um	6166	unclassified
HCC515	SB 415286	BRD-K76805682	0.0133	HA1E	10.0	um	4210951	unclassified
HCC515	LY-163,502	BRD-K13261168	0.0133	HA1E	10.0	um	57242	unclassified
HCC515	ENROFLOXACIN	BRD-K76534306	0.0133	HCC515	10.0	um	71188	unclassified
HCC515	Biperiden hydrochloride	BRD-A36471396	0.0133	VCAP	10.0	um	5311030	unclassified
HCC515	METAXALONE	BRD-A94709349	0.0133	VCAP	10.0	um	15459	unclassified
HCC515	Hexylcaine hydrochloride	BRD-A97730597	0.0133	VCAP	10.0	um	10770	unclassified
HCC515	KETOPROFEN	BRD-A97739905	0.0133	VCAP	10.0	um	3825	unclassified
HCC515	AM580	BRD-K06854232	0.0133	VCAP	10.0	um	2126	unclassified
HCC515	Tiotidine	BRD-K11107424	0.0133	VCAP	10.0	um	50287	unclassified
HCC515	estradiol	BRD-K18910433	0.0133	VCAP	10.0	um	5757	unclassified
HCC515	FR 122047 hydrochloride	BRD-K30990140	0.0133	VCAP	10.0	um	196841	unclassified
HCC515	SCH 442416	BRD-K46469693	0.0133	VCAP	10.0	um	10668061	unclassified
HCC515	LEOIDIN DIMETHYL ETHER	BRD-K61220632	0.0133	VCAP	10.0	um	3310692	unclassified
HCC515	CCT 018159	BRD-K65503129	0.0133	VCAP	10.0	um	5327091	HSP90 inhibitor
HCC515	AG 957	BRD-K36737713	0.0133	HA1E	10.0	um	2064	other kinase inhibitor
HCC515	TRIMIPRAMINE MALEATE	BRD-A19195498	0.0133	HCC515	10.0	um	5282318	unclassified
HCC515	BENZOXIQUINE	BRD-K70327191	0.0133	HCC515	10.0	um	6855	unclassified
HCC515	MENADIONE	BRD-K78126613	0.0133	PC3	10.0	um	4055	topoisomerase / DNA damage
HCC515	HYDROCORTISONE ACETATE	BRD-A65767837	0.0133	A375	10.0	um	5702068	corticosteroid / immunosuppressant
HCC515	METHOXSALEN	BRD-K63430059	0.0133	A549	10.0	um	4114	topoisomerase / DNA damage
HCC515	DIPROPYLDOPAMINE	BRD-K82577285	0.0133	A549	10.0	um	3106	unclassified
HCC515	BJM-ctd2-9	BRD-M86331534	0.0133	A673	10.0	um	73707397	unclassified
HCC515	(-)-Gallocatechin gallate	BRD-K19216856	0.0133	HA1E	88.8	um	199472	unclassified
HEPG2	NVP-BEZ235	BRD-K12184916	0.0133	SKBR3	1.11	um	11977753	other kinase inhibitor
HEPG2	ZSTK-474	BRD-K63068307	0.0133	A375	10	um	11647372	unclassified
HEPG2	wortmannin	BRD-A75409952	0.01	CORL23	10.0	um	5691	other kinase inhibitor
HEPG2	PEITC	BRD-K56700933	0.01	LOVO	10.0	um	16741	unclassified
HEPG2	vorinostat	BRD-K81418486	0.01	SKMEL28	10.0	um	5311	HDAC inhibitor
HEPG2	trichostatin A	BRD-A19037878	0.01	NEU	10.0	um	6376322	HDAC inhibitor
HEPG2	HY-13001	BRD-K93918653	0.01	A375	10.0	um	24889392	unclassified
HEPG2	trichostatin A	BRD-A19037878	0.01	PC3	10.0	um	6376322	HDAC inhibitor
HEPG2	vorinostat	BRD-K81418486	0.01	NEU	10.0	um	5311	HDAC inhibitor
HEPG2	NVP-BEZ235	BRD-K12184916	0.01	A375	0.12	um	11977753	other kinase inhibitor
HEPG2	tozasertib	BRD-K59369769	0.01	MCF10A	10	um	5494449	mitotic / CDK kinase inhibitor
HEPG2	crizotinib	BRD-K78431006	0.01	MDAMB231	10	um	11626560	unclassified
HEPG2	NVP-AEW541	BRD-K20696416	0.01	MDAMB231	10	um		other kinase inhibitor
HEPG2	dasatinib	BRD-K49328571	0.01	MDAMB231	1.11	um	3062316	other kinase inhibitor
HEPG2	GDC-0980	BRD-A18328003	0.01	MDAMB231	10	um		other kinase inhibitor
HEPG2	torin-2	BRD-K68174511	0.01	SKBR3	10	um	51358113	unclassified
HEPG2	GDC-0980	BRD-A18328003	0.01	SKBR3	0.12	um		other kinase inhibitor
HEPG2	torin-1	BRD-K40175214	0.01	A375	1.11	um	49836027	unclassified
HEPG2	OSI-027	BRD-K94012289	0.01	A375	3.33	um		unclassified
HEPG2	QL-X-138	BRD-K72636697	0.01	HME1	10	um	73707530	unclassified
HEPG2	JW-7-24-1	BRD-K57282030	0.01	HS578T	10	um	69923936	unclassified
HEPG2	torin-1	BRD-K40175214	0.01	LNCAP	0.12	um	49836027	unclassified
HEPG2	AZD-8055	BRD-K69932463	0.01	LNCAP	0.04	um	25262965	other kinase inhibitor
HEPG2	torin-1	BRD-K40175214	0.01	SKBR3	10	um	49836027	unclassified
HEPG2	GSK-2126458	BRD-K42918627	0.01	SKBR3	1.11	um	52914946	other kinase inhibitor
HEPG2	Isoflupredone acetate	BRD-K29173907	0.0067	HCC515	10.0	um	224246	corticosteroid / immunosuppressant
HEPG2	geldanamycin	BRD-A19500257	0.0067	HCC515	10.0	um	13017911	HSP90 inhibitor
HEPG2	Dephostatin	BRD-K60274257	0.0067	HA1E	10.0	um	44483227	other kinase inhibitor
HEPG2	DOXORUBICIN	BRD-A52530684	0.0067	HCC515	10.0	um	6916127	topoisomerase / DNA damage
HEPG2	trichostatin A	BRD-A19037878	0.0067	HEPG2	10.0	um	6376322	HDAC inhibitor
HEPG2	GITOXIGENIN	BRD-A29082194	0.0067	MCF7	10.0	um	11012	cardiac glycoside
HEPG2	DIGOXIN	BRD-A94756469	0.0067	MCF7	10.0	um	5702042	cardiac glycoside
HEPG2	TENIPOSIDE	BRD-A35588707	0.0067	A375	1.25	um	6708778	topoisomerase / DNA damage
HEPG2	temsirolimus [CI779]	BRD-A62025033	0.0067	A375	10.0	um	6440033	corticosteroid / immunosuppressant
HEPG2	vorinostat	BRD-K81418486	0.0067	A375	10.0	um	5311	HDAC inhibitor
HEPG2	Parthenolide	BRD-K81651477	0.0067	A673	20.0	um	5420804	NF-kB / innate immune inhibitor
HEPG2	7b-cis	BRD-K61829047	0.0067	EFO27	10.0	um	44589607	unclassified
HEPG2	QUINACRINE HYDROCHLORIDE	BRD-A45889380	0.0067	HA1E	10.0	um	23581813	unclassified
HEPG2	PERHEXILINE MALEATE	BRD-A19633847	0.0067	HA1E	10.0	um	5284439	unclassified
HEPG2	B675700.cdx	BRD-K88510285	0.0067	LOVO	0.04	um	387447	unclassified
HEPG2	CHR 2797	BRD-K92241597	0.0067	LOVO	80.0	um	15547703	proteasome inhibitor
HEPG2	BX-795	BRD-K47983010	0.0067	MCF7	10.0	um	10077147	other kinase inhibitor
HEPG2	Ingenol 3, 20-dibenzoate	BRD-A52650764	0.0067	MDST8	10.0	um	5225086	unclassified
HEPG2	PX12	BRD-A56592690	0.0067	MDST8	30.0	um	219104	unclassified
HT29	AT-7519	BRD-K13390322	0.0334	HME1	1.11	um	11338033	mitotic / CDK kinase inhibitor
HT29	CGP-60474	BRD-K79090631	0.0301	HME1	3.33	um	644215	mitotic / CDK kinase inhibitor
HT29	AT-7519	BRD-K13390322	0.0301	HME1	0.37	um	11338033	mitotic / CDK kinase inhibitor
HT29	YK 4-279	BRD-A62182663	0.0268	HT29	10.0	um	44632017	unclassified
HT29	ABT-751	BRD-K91623615	0.0268	HT29	10.0	um	3035714	antimitotic / tubulin
HT29	AT-7519	BRD-K13390322	0.0268	HME1	3.33	um	11338033	mitotic / CDK kinase inhibitor
HT29	CGP-60474	BRD-K79090631	0.0268	HME1	0.04	um	644215	mitotic / CDK kinase inhibitor
HT29	A443654	BRD-K88573743	0.0268	HS578T	3.33	um		unclassified
HT29	alvocidib	BRD-K87909389	0.0268	LNCAP	1.11	um	5287969	unclassified
HT29	Evodiamine	BRD-A68631409	0.0234	HT29	10.0	um	151289	antimitotic / tubulin
HT29	Parbendazole	BRD-K02407574	0.0234	HT29	0.31	um	26596	antimitotic / tubulin
HT29	528116.cdx	BRD-K49371609	0.0234	VCAP	0.09	um	10275789	unclassified
HT29	NCGC00183255-01	BRD-K26767475	0.0234	HT29	10.0	um	44142043	unclassified
HT29	S1216	BRD-K17210248	0.0234	SKB	10.0	um	46931007	unclassified
HT29	HY-10005	BRD-K87909389	0.0234	SKB	10.0	um	5287969	unclassified
HT29	alvocidib	BRD-K87909389	0.0234	HME1	0.12	um	5287969	unclassified
HT29	linifanib	BRD-K99749624	0.0234	HME1	10	um	11485656	other kinase inhibitor
HT29	AZD-5438	BRD-K72414522	0.0234	HME1	10	um	16747683	mitotic / CDK kinase inhibitor
HT29	AT-7519	BRD-K13390322	0.0234	HME1	0.12	um	11338033	mitotic / CDK kinase inhibitor
HT29	A443654	BRD-K88573743	0.0234	HME1	1.11	um		unclassified
HT29	PF-562271	BRD-K99545815	0.0234	HME1	10	um	11713159	unclassified
HT29	CGP-60474	BRD-K79090631	0.0234	HME1	0.12	um	644215	mitotic / CDK kinase inhibitor
HT29	alvocidib	BRD-K87909389	0.0234	LNCAP	3.33	um	5287969	unclassified
HT29	CGP-60474	BRD-K79090631	0.0234	LNCAP	3.33	um	644215	mitotic / CDK kinase inhibitor
HT29	CGP-60474	BRD-K79090631	0.0234	LNCAP	0.12	um	644215	mitotic / CDK kinase inhibitor
HT29	Kenpaullone	BRD-K37312348	0.0201	VCAP	10.0	um	3820	mitotic / CDK kinase inhibitor
HT29	DACTINOMYCIN	BRD-A73909368	0.0201	HA1E	10.0	um	45006140	topoisomerase / DNA damage
HT29	Chelidonine (+)	BRD-K32828673	0.0201	HT29	10.0	um	197810	antimitotic / tubulin
HT29	Emetine Dihydrochloride Hydrate (74)	BRD-K01976263	0.0201	HA1E	0.63	um	11957493	protein synthesis inhibitor
HT29	HY-10005	BRD-K87909389	0.0201	HEPG2	10.0	um	5287969	unclassified
HT29	HY-10459	BRD-K99545815	0.0201	A375	10.0	um	11713159	unclassified
HT29	V4877	BRD-A26002865	0.0201	ASC	10.0	um	104830	unclassified
HT29	S1205	BRD-M16762496	0.0201	SKB	10.0	um	73707389	unclassified
HT29	CGP-60474	BRD-K79090631	0.0201	HS578T	0.37	um	644215	mitotic / CDK kinase inhibitor
HT29	alvocidib	BRD-K87909389	0.0201	HME1	10	um	5287969	unclassified
HT29	alvocidib	BRD-K87909389	0.0201	HME1	1.11	um	5287969	unclassified
HT29	BMS-387032	BRD-K43389698	0.0201	HME1	1.11	um	3025986	mitotic / CDK kinase inhibitor
HT29	AT-7519	BRD-K13390322	0.0201	HME1	10	um	11338033	mitotic / CDK kinase inhibitor
HT29	alvocidib	BRD-K87909389	0.0201	HME1	0.37	um	5287969	unclassified
HT29	alvocidib	BRD-K87909389	0.0201	HME1	3.33	um	5287969	unclassified
HT29	alvocidib	BRD-K87909389	0.0201	HME1	0.04	um	5287969	unclassified
HT29	BMS-387032	BRD-K43389698	0.0201	HME1	0.37	um	3025986	mitotic / CDK kinase inhibitor
MCF7	Ro 28-1675 ?	BRD-K21672174	0.0134	U937	160.0	um	9886086	unclassified
MCF7	2-morpholino-9-(thiophen-3-yl)-N-((5-(trifluoromethyl)-1H-benzo[d]imidazol-2-yl)methyl)-9H-purin-6-amine	BRD-K79222491	0.0134	HEPG2	10.0	um	45100452	unclassified
MCF7	V4877	BRD-A26002865	0.0134	HA1E	10.0	um	104830	unclassified
MCF7	Methyl benzethonium chloride	BRD-K46531780	0.0134	PC3	10.0	um	5702238	unclassified
MCF7	torin-1	BRD-K40175214	0.0134	HS578T	10	um	49836027	unclassified
MCF7	CGP-60474	BRD-K79090631	0.0134	MCF7	0.37	um	644215	mitotic / CDK kinase inhibitor
MCF7	BMS-387032	BRD-K43389698	0.0134	SKBR3	0.37	um	3025986	mitotic / CDK kinase inhibitor
MCF7	GR 127935 hydrochloride	BRD-K11911061	0.01	HA1E	10.0	um	107780	unclassified
MCF7	IMD 0354	BRD-K74305673	0.01	HA1E	10.0	um	5081913	NF-kB / innate immune inhibitor
MCF7	Homoharringtonine	BRD-K76674262	0.01	HA1E	10.0	um	285033	protein synthesis inhibitor
MCF7	Olvanil	BRD-K86958018	0.01	HCC515	10.0	um	5808649	unclassified
MCF7	Strophanthidin	BRD-K84595254	0.01	PC3	10.0	um	6185	cardiac glycoside
MCF7	GR 159897	BRD-K52394958	0.01	HA1E	10.0	um	3570748	unclassified
MCF7	Deoxycorticosterone	BRD-K98521173	0.01	HA1E	10.0	um	6166	unclassified
MCF7	vorinostat	BRD-K81418486	0.01	HA1E	10.0	um	5311	HDAC inhibitor
MCF7	vorinostat	BRD-K81418486	0.01	HA1E	10.0	um	5311	HDAC inhibitor
MCF7	SB 218078	BRD-A06352508	0.01	HA1E	10.0	um	3387354	unclassified
MCF7	DOXORUBICIN	BRD-A52530684	0.01	HCC515	10.0	um	6916127	topoisomerase / DNA damage
MCF7	KU 0060648 trihydrochloride	BRD-K09499853	0.01	A549	10.0	um	11964036	topoisomerase / DNA damage
MCF7	TGX-115	BRD-K67075780	0.01	HA1E	160.0	um	9902311	unclassified
MCF7	AZD8055	BRD-K69932463	0.01	HA1E	10.0	um	25262965	other kinase inhibitor
MCF7	atorvastatin	BRD-U88459701	0.01	HA1E	10.0	um		unclassified
MCF7	KU-0063794	BRD-K67566344	0.01	HA1E	10.0	um	16736978	other kinase inhibitor
MCF7	528116.cdx	BRD-K49371609	0.01	HCC15	0.09	um	10275789	unclassified
MCF7	B675700.cdx	BRD-K88510285	0.01	HCC15	0.04	um	387447	unclassified
MCF7	BMS-536924	BRD-K34581968	0.01	MCF7	11.1	um	11353973	other kinase inhibitor
MCF7	KU-0063794	BRD-K67566344	0.01	MCF7	10.0	um	16736978	other kinase inhibitor
MCF7	480743.cdx	BRD-K53903639	0.01	MCF7	80.0	um	19582717	unclassified
MCF7	Salermide	BRD-A67788537	0.01	PC3	120.0	um	42626405	unclassified
MCF7	wortmannin	BRD-A75409952	0.01	PC3	10.0	um	5691	other kinase inhibitor
MCF7	PI 103 hydrochloride	BRD-K67868012	0.01	PC3	11.1	um	9884685	unclassified
MCF7	auranofin	BRD-A79465854	0.01	PL21	10.0	um	0	unclassified
MCF7	simvastatin	BRD-K22134346	0.01	RKO	10.0	um	54454	unclassified
MCF7	Parthenolide	BRD-K98548675	0.01	RKO	10.0	um	6473881	NF-kB / innate immune inhibitor
MCF7	AG14361	BRD-K00615600	0.01	SW620	25.0	um	9840076	topoisomerase / DNA damage
MCF7	AZD8055	BRD-K69932463	0.01	SW620	10.0	um	25262965	other kinase inhibitor
MCF7	2-morpholino-N-((5-nitro-1H-benzo[d]imidazol-2-yl)methyl)-9-(thiophen-3-yl)-9H-purin-6-amine	BRD-K01896723	0.01	MCF7	10.0	um	45100442	unclassified
MCF7	daunorubicin	BRD-A68009927	0.01	HEPG2	10.0	um	3085107	topoisomerase / DNA damage
PC3	calyculin A	BRD-A47513740	0.0133	A549	10.0	um	16760037	unclassified
PC3	PI 828	BRD-K97365803	0.01	HA1E	10.0	um	25181195	unclassified
PC3	LAWSONE	BRD-K66707493	0.01	HCC515	10.0	um	10125107	unclassified
PC3	Flunisolide	BRD-K49577446	0.01	HCC515	10.0	um	82153	corticosteroid / immunosuppressant
PC3	Cycloheximide	BRD-A62184259	0.01	HA1E	10.0	um	2900	protein synthesis inhibitor
PC3	mitoxantrone	BRD-K21680192	0.01	HA1E	10.0	um	5458171	topoisomerase / DNA damage
PC3	wortmannin	BRD-A75409952	0.01	A375	10.0	um	5691	other kinase inhibitor
PC3	AG14361	BRD-K00615600	0.01	HA1E	25.0	um	9840076	topoisomerase / DNA damage
PC3	AZD8055	BRD-K69932463	0.01	HA1E	10.0	um	25262965	other kinase inhibitor
PC3	Ingenol 3, 20-dibenzoate	BRD-A52650764	0.01	SKLU1	10.0	um	5225086	unclassified
PC3	Salermide	BRD-A67788537	0.01	SNU1040	120.0	um	42626405	unclassified
PC3	EMETINE HYDROCHLORIDE	BRD-K03067624	0.01	A549	10.0	um	10219	protein synthesis inhibitor
PC3	Sulfadiazine	BRD-K32273377	0.01	MCF7	10.0	um	5215	unclassified
PC3	VE821	BRD-K26756394	0.01	HCC515	10	um		unclassified
PC3	QL-XII-47	BRD-K99252563	0.01	BT20	0.12	um	71748056	unclassified
PC3	QL-XII-47	BRD-K99252563	0.01	BT20	0.37	um	71748056	unclassified
PC3	BMS-345541	BRD-K13566078	0.01	BT20	10	um	9813758	NF-kB / innate immune inhibitor
PC3	JW-7-24-1	BRD-K57282030	0.01	HA1E	3.33	um	69923936	unclassified
PC3	GSK-2126458	BRD-K42918627	0.01	HS578T	1.11	um	52914946	other kinase inhibitor
PC3	WYE-125132	BRD-A45498368	0.01	HS578T	1.11	um	25260757	unclassified
PC3	GSK-2126458	BRD-K42918627	0.01	HS578T	3.33	um	52914946	other kinase inhibitor
PC3	BMS-345541	BRD-K13566078	0.01	HS578T	3.33	um	9813758	NF-kB / innate immune inhibitor
PC3	WYE-125132	BRD-A45498368	0.01	LNCAP	1.11	um	25260757	unclassified
PC3	WYE-125132	BRD-A45498368	0.01	LNCAP	3.33	um	25260757	unclassified
PC3	QL-XII-47	BRD-K99252563	0.01	SKBR3	10	um	71748056	unclassified
PC3	GR 127935 hydrochloride	BRD-K11911061	0.0067	HA1E	10.0	um	107780	unclassified
PC3	SB 269970 hydrochloride	BRD-K24201553	0.0067	HA1E	10.0	um	11957684	unclassified
PC3	Clobetasol propionate	BRD-A63894585	0.0067	HCC515	10.0	um	6713978	corticosteroid / immunosuppressant
PC3	ISOEUGENITOL	BRD-K05737787	0.0067	HCC515	10.0	um	5318562	unclassified
PC3	BU 239 hydrochloride	BRD-K11696279	0.0067	HCC515	10.0	um	4520732	unclassified
PC3	SB 225002	BRD-K61323504	0.0067	HCC515	10.0	um	3854666	unclassified
PC3	Fluticasone propionate	BRD-K62310379	0.0067	HCC515	10.0	um	444036	corticosteroid / immunosuppressant
PC3	ICI-162,846	BRD-K66782112	0.0067	HCC515	10.0	um	134778	unclassified
PC3	HERNIARIN	BRD-K81209159	0.0067	HCC515	10.0	um	10748	unclassified
PC3	DIHYDRO-beta-TUBAIC ACID	BRD-K96362535	0.0067	HCC515	10.0	um	3548249	unclassified
PC3	MEGESTROL ACETATE	BRD-A35989968	0.0067	HA1E	10.0	um	6710729	unclassified
consensus	geldanamycin	BRD-A19500257	0.0796	HS578T	1.11	um	13017911	HSP90 inhibitor
consensus	BI-2536	BRD-K64890080	0.0727	HS578T	0.04	um	11364421	mitotic / CDK kinase inhibitor
consensus	Parbendazole	BRD-K02407574	0.0692	HT29	0.31	um	26596	antimitotic / tubulin
consensus	radicicol	BRD-A39996500	0.0692	HS578T	3.33	um	5311380	HSP90 inhibitor
consensus	AZD-5438	BRD-K72414522	0.0692	MDAMB231	10	um	16747683	mitotic / CDK kinase inhibitor
consensus	geldanamycin	BRD-A19500257	0.0657	HA1E	10.0	um	13017911	HSP90 inhibitor
consensus	YK 4-279	BRD-A62182663	0.0657	HT29	10.0	um	44632017	unclassified
consensus	PROSTAGLANDIN A1	BRD-K04010869	0.0657	NCIH1836	1.0	um	5281912	unclassified
consensus	vincristine	BRD-K82109576	0.0657	VCAP	10.0	um	5388992	antimitotic / tubulin
consensus	NVP-AUY922	BRD-K65182930	0.0657	HS578T	0.04	um		HSP90 inhibitor
consensus	A443654	BRD-K88573743	0.0657	HS578T	1.11	um		unclassified
consensus	BMS-387032	BRD-K43389698	0.0657	MCF10A	3.33	um	3025986	mitotic / CDK kinase inhibitor
consensus	D-64131	BRD-K26997899	0.0623	VCAP	10.0	um	3921152	antimitotic / tubulin
consensus	geldanamycin	BRD-A19500257	0.0623	A549	10.0	um	13017911	HSP90 inhibitor
consensus	PROSTAGLANDIN A1	BRD-K04010869	0.0623	CL34	1.0	um	5281912	unclassified
consensus	geldanamycin	BRD-A19500257	0.0623	HA1E	10.0	um	13017911	HSP90 inhibitor
consensus	geldanamycin	BRD-A19500257	0.0623	HA1E	1.11	um	13017911	HSP90 inhibitor
consensus	CGP-60474	BRD-K79090631	0.0623	HME1	3.33	um	644215	mitotic / CDK kinase inhibitor
consensus	PF-562271	BRD-K99545815	0.0623	LNCAP	10	um	11713159	unclassified
consensus	GW-843682X	BRD-K90382497	0.0623	SKBR3	3.33	um	9826308	mitotic / CDK kinase inhibitor
consensus	geldanamycin	BRD-A19500257	0.0588	SKB	10.0	um	13017911	HSP90 inhibitor
consensus	geldanamycin	BRD-A19500257	0.0588	HA1E	1.11	um	13017911	HSP90 inhibitor
consensus	CGP-60474	BRD-K79090631	0.0588	HS578T	3.33	um	644215	mitotic / CDK kinase inhibitor
consensus	A443654	BRD-K88573743	0.0588	HME1	1.11	um		unclassified
consensus	geldanamycin	BRD-A19500257	0.0588	HS578T	0.37	um	13017911	HSP90 inhibitor
consensus	MEBENDAZOLE	BRD-K77987382	0.0554	VCAP	10.0	um	4030	antimitotic / tubulin
consensus	Evodiamine	BRD-A68631409	0.0554	HT29	10.0	um	151289	antimitotic / tubulin
consensus	geldanamycin	BRD-A19500257	0.0554	A549	10.0	um	13017911	HSP90 inhibitor
consensus	vinorelbine	BRD-K97514127	0.0554	VCAP	10.0	um	13200033	antimitotic / tubulin
consensus	PF-431396	BRD-K93788137	0.0554	HS578T	10	um	11598628	unclassified
consensus	mitoxantrone	BRD-K21680192	0.0554	HS578T	10	um	5458171	topoisomerase / DNA damage
consensus	QL-X-138	BRD-K72636697	0.0554	HA1E	3.33	um	73707530	unclassified
consensus	AT-7519	BRD-K13390322	0.0554	HS578T	10	um	11338033	mitotic / CDK kinase inhibitor
consensus	alvocidib	BRD-K87909389	0.0554	HS578T	3.33	um	5287969	unclassified
consensus	BMS-387032	BRD-K43389698	0.0554	MCF10A	10	um	3025986	mitotic / CDK kinase inhibitor
consensus	BI-2536	BRD-K64890080	0.0554	SKBR3	0.04	um	11364421	mitotic / CDK kinase inhibitor
consensus	tivantinib	BRD-K33379087	0.0554	HCC515	3.33	um	11494412	unclassified
consensus	tivantinib	BRD-K33379087	0.0554	MCF7	1.11	um	11494412	unclassified
consensus	Amyleine hydrochloride	BRD-A09062839	0.0519	A375	10.0	um	10767	unclassified
consensus	PENTOBARBITAL	BRD-A44448661	0.0519	A549	10.0	um	4737	unclassified
consensus	METHOXSALEN	BRD-K63430059	0.0519	A549	10.0	um	4114	topoisomerase / DNA damage
consensus	Emetine Dihydrochloride Hydrate (74)	BRD-K01976263	0.0519	HA1E	0.63	um	11957493	protein synthesis inhibitor
consensus	17757146	BRD-K05402890	0.0519	HT29	0.35	um	17757146	unclassified
consensus	geldanamycin	BRD-A19500257	0.0519	HA1E	10.0	um	13017911	HSP90 inhibitor
consensus	mitoxantrone	BRD-K21680192	0.0519	MCF7	10	um	5458171	topoisomerase / DNA damage
consensus	JNK-IN-5A	BRD-K76401790	0.0519	HCC515	3.33	um		other kinase inhibitor
