gene	tier	drug	drug_id	approved	score	interaction_type	directionality	n_sources	n_publications	sources
BUB1	1	BAY-320	iuphar.ligand:9126	False	8.821998248880455	inhibitor	INHIBITORY	1	0	GuideToPharmacology
BUB1	1	BAY-524	iuphar.ligand:9127	False	8.821998248880455	inhibitor	INHIBITORY	1	0	GuideToPharmacology
BUB1	1	COMPOUND 2-1-1 [PMID: 24900824]	iuphar.ligand:8109	False	8.821998248880455	inhibitor	INHIBITORY	1	0	GuideToPharmacology
BUB1	1	COMPOUND 2-13-1 [PMID: 24900824]	iuphar.ligand:8112	False	8.821998248880455	inhibitor	INHIBITORY	1	0	GuideToPharmacology
BUB1	1	COMPOUND 2-3-1 [PMID: 24900824]	iuphar.ligand:8111	False	8.821998248880455	inhibitor	INHIBITORY	1	0	GuideToPharmacology
BUB1	1	COMPOUND 2-3-2 [PMID: 24900824]	iuphar.ligand:8110	False	8.821998248880455	inhibitor	INHIBITORY	1	0	GuideToPharmacology
MAD1L1	1	CARBOPLATIN	rxcui:40048	True	0.6014998806054855			1	1	PharmGKB
MAD1L1	1	PACLITAXEL PROTEIN-BOUND	rxcui:486610	True	0.4524101666092541			1	1	PharmGKB
CENPE	2	GSK-923295	drugbank:DB06097	False	52.93198949328273	inhibitor	INHIBITORY	1	0	TALC
PPP2CA	2	MICROCYSTIN-LR	iuphar.ligand:4735	False	4.410999124440227	inhibitor	INHIBITORY	1	0	GuideToPharmacology
PTTG1	2	ETANERCEPT	rxcui:214555	True	3.528799299552182			1	1	PharmGKB
TTK	2	AZ3146	iuphar.ligand:9400	False	3.528799299552181	inhibitor	INHIBITORY	1	0	GuideToPharmacology
TTK	2	BAY-1161909	chembl:CHEMBL4303241	False	3.528799299552181	inhibitor	INHIBITORY	1	0	ChEMBL
TTK	2	BAY1217389	iuphar.ligand:12705	False	3.528799299552181	inhibitor,inhibitor	INHIBITORY,INHIBITORY	2	0	ChEMBL;GuideToPharmacology
TTK	2	COMPOUND 27F [PMID: 25625617]	iuphar.ligand:9238	False	3.528799299552181	inhibitor	INHIBITORY	1	0	GuideToPharmacology
TTK	2	COMPOUND 34H [PMID: 27055065]	iuphar.ligand:9169	False	3.528799299552181	inhibitor	INHIBITORY	1	0	GuideToPharmacology
TTK	2	LUVIXASERTIB	iuphar.ligand:11664	False	3.528799299552181	inhibitor	INHIBITORY	1	0	GuideToPharmacology
PPP2CA	2	CALYCULIN A	drugbank:DB02860	False	2.940666082960152	inhibitor	INHIBITORY	1	0	GuideToPharmacology
PPP2CA	2	CANTHARIDIN	rxcui:1984	True	2.940666082960152	inhibitor	INHIBITORY	1	0	GuideToPharmacology
PPP2CA	2	LB-100	iuphar.ligand:11105	False	2.940666082960152	inhibitor	INHIBITORY	1	0	ChEMBL
PPP2CA	2	LB-100	drugbank:DB15412	False	2.940666082960152			1	0	TTD
PPP2CA	2	OKADAIC ACID	iuphar.ligand:5349	False	2.940666082960152	inhibitor	INHIBITORY	1	0	GuideToPharmacology
CCNB1	2	SELICICLIB	ncit:C62783	False	2.714460999655525			1	1	DTC
TTK	2	GNE-7915	iuphar.ligand:8073	False	1.76439964977609	inhibitor	INHIBITORY	1	0	GuideToPharmacology
TTK	2	MPS1-IN-1	iuphar.ligand:9271	False	1.76439964977609	inhibitor	INHIBITORY	1	0	GuideToPharmacology
TTK	2	NMS-P715	iuphar.ligand:9401	False	1.76439964977609	inhibitor	INHIBITORY	1	0	GuideToPharmacology
AURKB	2	BI-811283	chembl:CHEMBL3545395	False	1.745010642635694	inhibitor	INHIBITORY	2	1	ChEMBL;TTD
CCNB1	2	PROTOAPIGENONE	chembl:CHEMBL414890	False	1.260285464125779			1	0	DTC
CDK1	2	ARUNCIN B	chembl:CHEMBL2203686	False	1.202999761210971			1	1	DTC
CDK1	2	CHEMBL:CHEMBL1082552	chembl:CHEMBL1082552	False	1.202999761210971			1	1	DTC
TTK	2	EMPESERTIB	ncit:C116074	False	1.17626643318406	inhibitor	INHIBITORY	1	0	GuideToPharmacology
TTK	2	MPI-0479605	iuphar.ligand:9399	False	1.17626643318406	inhibitor	INHIBITORY	1	0	GuideToPharmacology
AURKB	2	GSK1070916	iuphar.ligand:8358	False	0.9694503570198302	inhibitor,inhibitor	INHIBITORY,INHIBITORY	5	0	ChEMBL;GuideToPharmacology;MyCancerGenome;TALC;TTD
TTK	2	RO3280	iuphar.ligand:9403	False	0.7057598599104363	inhibitor	INHIBITORY	1	0	GuideToPharmacology
CDK1	2	CDK1 INHIBITOR	iuphar.ligand:5944	False	0.6014998806054855	inhibitor	INHIBITORY	1	0	GuideToPharmacology
CDK1	2	PROTUBOXEPIN A	chembl:CHEMBL1802135	False	0.6014998806054855			1	1	DTC
TTK	2	BOS172722	drugbank:DB15498	False	0.5881332165920303	inhibitor	INHIBITORY	1	0	GuideToPharmacology
AURKB	2	AMG-900	iuphar.ligand:8060	False	0.5816702142118981	inhibitor,inhibitor	INHIBITORY,INHIBITORY	5	0	ChEMBL;ClearityFoundationClinicalTrial;GuideToPharmacology;MyCancerGenome;TALC
AURKB	2	NERVIANO	chembl:CHEMBL1172241	False	0.5816702142118981			1	1	DTC
AURKB	2	PF-03814735	drugbank:DB13059	False	0.5816702142118981	inhibitor	INHIBITORY	2	0	MyCancerGenome;TALC
AURKB	2	SNS-314	drugbank:DB06134	False	0.5816702142118981	inhibitor	INHIBITORY	3	0	MyCancerGenome;TTD;TdgClinicalTrial
AURKB	2	TAK-901	chembl:CHEMBL3544932	False	0.5816702142118981	inhibitor	INHIBITORY	1	0	ChEMBL
AURKB	2	TAK-901	drugbank:DB12756	False	0.5816702142118981			1	0	TTD
PLK1	2	GSK-461364A	iuphar.ligand:5684	False	0.5571788367713971	inhibitor,inhibitor	INHIBITORY,INHIBITORY	2	0	ChEMBL;GuideToPharmacology
PLK1	2	NMS-1286937	chembl:CHEMBL1094408	False	0.5571788367713971	inhibitor	INHIBITORY	2	0	MyCancerGenome;TTD
PLK1	2	TAK-960	chembl:CHEMBL2392545	False	0.5571788367713971	inhibitor	INHIBITORY	2	0	ChEMBL;TTD
AURKB	2	DANUSERTIB	ncit:C61587	False	0.4847251785099151	inhibitor,inhibitor	INHIBITORY,INHIBITORY	5	0	ChEMBL;GuideToPharmacology;MyCancerGenome;TALC;TTD
CDK1	2	DINACICLIB	ncit:C78854	False	0.4511249104541141	inhibitor,inhibitor	INHIBITORY,INHIBITORY	6	0	CancerCommons;ChEMBL;ClearityFoundationClinicalTrial;GuideToPharmacology;MyCancerGenome;MyCancerGenomeClinicalTrial
AURKB	2	CYC116	drugbank:DB05198	False	0.4362526606589235	inhibitor	INHIBITORY	3	0	TALC;TTD;TdgClinicalTrial
AURKB	2	BARASERTIB	ncit:C62502	False	0.4230328830631986	inhibitor,inhibitor	INHIBITORY,INHIBITORY	6	2	CIViC;ChEMBL;DTC;GuideToPharmacology;MyCancerGenome;TALC
PLK1	2	POLO-LIKE KINASE 1 INHIBITOR GSK461364	ncit:C70948	False	0.4178841275785478	inhibitor	INHIBITORY	3	0	MyCancerGenome;TALC;TTD
CDK1	2	RIVICICLIB	ncit:C64762	False	0.400999920403657	inhibitor	INHIBITORY	2	0	GuideToPharmacology;TTD
TTK	2	COMPOUND 20 [PMID: 30998356]	iuphar.ligand:10371	False	0.3920888110613535	inhibitor	INHIBITORY	1	0	GuideToPharmacology
CCNB1	2	KENPAULLONE	iuphar.ligand:6000	False	0.3754041808034236			1	0	TTD
PLK1	2	BI-2536	iuphar.ligand:5666	False	0.3343073020628382	inhibitor,inhibitor	INHIBITORY,INHIBITORY	5	1	ChEMBL;DTC;GuideToPharmacology;MyCancerGenome;TALC
CDK1	2	(2R)-2-({9-(1-METHYLETHYL)-6-[(4-PYRIDIN-2-YLBENZYL)AMINO]-9H-PURIN-2-YL}AMINO)BUTAN-1-OL	drugbank:DB08463	False	0.3007499403027427	inhibitor	INHIBITORY	1	0	GuideToPharmacology
CDK1	2	2-({6-[(3-CHLOROPHENYL)AMINO]-9-ISOPROPYL-9H-PURIN-2-YL}AMINO)ETHANOL	drugbank:DB08325	False	0.3007499403027427	inhibitor	INHIBITORY	1	0	GuideToPharmacology
CDK1	2	6-BROMOINDIRUBIN-3'-OXIME	drugbank:DB03444	False	0.3007499403027427	inhibitor	INHIBITORY	1	0	GuideToPharmacology
CDK1	2	ALSTERPAULLONE 2-CYANOETHYL	iuphar.ligand:5926	False	0.3007499403027427	inhibitor	INHIBITORY	1	0	GuideToPharmacology
CDK1	2	BMS-265246	iuphar.ligand:8051	False	0.3007499403027427	inhibitor	INHIBITORY	1	0	GuideToPharmacology
CDK1	2	BOHEMINE	iuphar.ligand:5938	False	0.3007499403027427	inhibitor	INHIBITORY	1	0	GuideToPharmacology
CDK1	2	CDK2 INHIBITOR III	iuphar.ligand:5948	False	0.3007499403027427	inhibitor	INHIBITORY	1	0	GuideToPharmacology
CDK1	2	COMPOUND 5G [PMID: 36385925]	iuphar.ligand:12277	False	0.3007499403027427	inhibitor	INHIBITORY	1	0	GuideToPharmacology
CDK1	2	QR-6401	iuphar.ligand:12511	False	0.3007499403027427	inhibitor	INHIBITORY	1	0	GuideToPharmacology
AURKB	2	AURORA B/C KINASE INHIBITOR GSK1070916A	ncit:C91081	False	0.290835107105949			1	0	TTD
AURKB	2	AURORA KINASE INHIBITOR II	iuphar.ligand:5930	False	0.290835107105949	inhibitor	INHIBITORY	1	0	GuideToPharmacology
AURKB	2	CENISERTIB	ncit:C64540	False	0.290835107105949	inhibitor,inhibitor	INHIBITORY,INHIBITORY	5	0	GuideToPharmacology;MyCancerGenome;TALC;TTD;TdgClinicalTrial
AURKB	2	COMPOUND 1 [PMID: 21742770]	iuphar.ligand:8190	False	0.290835107105949	inhibitor	INHIBITORY	1	0	GuideToPharmacology
AURKB	2	COMPOUND 10 [PMID: 19402633]	iuphar.ligand:8466	False	0.290835107105949	inhibitor	INHIBITORY	1	0	GuideToPharmacology
AURKB	2	COMPOUND 46 [PMID: 16451062]	iuphar.ligand:8355	False	0.290835107105949	inhibitor	INHIBITORY	1	0	GuideToPharmacology
AURKB	2	PF-03814735	chembl:CHEMBL4289017	False	0.290835107105949	inhibitor	INHIBITORY	1	0	ChEMBL
AURKB	2	SNS-314	iuphar.ligand:9397	False	0.290835107105949	inhibitor	INHIBITORY	1	0	GuideToPharmacology
AURKB	2	VIC 1911	iuphar.ligand:12070	False	0.290835107105949	inhibitor	INHIBITORY	1	0	GuideToPharmacology
PLK1	2	6-CHLORONICOTINIC ACID	chembl:CHEMBL1723657	False	0.2785894183856985			1	0	DTC
PLK1	2	ALPHAPRODINE HYDROCHLORIDE	chembl:CHEMBL1529817	False	0.2785894183856985			1	0	DTC
PLK1	2	BETUNOLIC ACID	chembl:CHEMBL431525	False	0.2785894183856985			1	0	DTC
PLK1	2	BI 2536	drugbank:DB16107	False	0.2785894183856985			1	0	TTD
PLK1	2	CAFUSERTIB	chembl:CHEMBL3545354	False	0.2785894183856985	inhibitor	INHIBITORY	1	0	ChEMBL
PLK1	2	CHEMBL:CHEMBL1547715	chembl:CHEMBL1547715	False	0.2785894183856985			1	0	DTC
PLK1	2	CHEMBL:CHEMBL1871992	chembl:CHEMBL1871992	False	0.2785894183856985			1	0	DTC
PLK1	2	CHEMBL:CHEMBL421431	chembl:CHEMBL421431	False	0.2785894183856985			1	0	DTC
PLK1	2	CHEMBL:CHEMBL528373	chembl:CHEMBL528373	False	0.2785894183856985			1	0	DTC
PLK1	2	CHEMBL:CHEMBL535051	chembl:CHEMBL535051	False	0.2785894183856985			1	0	DTC
PLK1	2	CHEMBL:CHEMBL577365	chembl:CHEMBL577365	False	0.2785894183856985			1	0	DTC
PLK1	2	CHEMBL:CHEMBL584619	chembl:CHEMBL584619	False	0.2785894183856985			1	0	DTC
PLK1	2	CHEMBL:CHEMBL585279	chembl:CHEMBL585279	False	0.2785894183856985			1	0	DTC
PLK1	2	CHEMBL:CHEMBL588749	chembl:CHEMBL588749	False	0.2785894183856985			1	0	DTC
PLK1	2	CHEMBL:CHEMBL84281	chembl:CHEMBL84281	False	0.2785894183856985			1	0	DTC
PLK1	2	COMPOUND 2 [PMID: 19097784]	iuphar.ligand:8646	False	0.2785894183856985	inhibitor	INHIBITORY	1	0	GuideToPharmacology
PLK1	2	GW853606	iuphar.ligand:8645	False	0.2785894183856985	inhibitor	INHIBITORY	1	0	GuideToPharmacology
PLK1	2	IMIDACLOPRID	chembl:CHEMBL406819	False	0.2785894183856985			1	0	DTC
PLK1	2	LIPID ENCAPSULATED ANTI-PLK1 SIRNA TKM-PLK1	ncit:C116889	False	0.2785894183856985			1	0	TdgClinicalTrial
PLK1	2	MK-1496	drugbank:DB12763	False	0.2785894183856985			1	0	TTD
PLK1	2	MK-1496	chembl:CHEMBL5314387	False	0.2785894183856985	inhibitor	INHIBITORY	1	0	ChEMBL
PLK1	2	MLN0905	iuphar.ligand:9402	False	0.2785894183856985	inhibitor	INHIBITORY	1	0	GuideToPharmacology
PLK1	2	PLOGOSERTIB	ncit:C162375	False	0.2785894183856985	inhibitor	INHIBITORY	1	0	GuideToPharmacology
PLK1	2	VOLASERTIB	ncit:C79844	False	0.2785894183856985	inhibitor,inhibitor	INHIBITORY,INHIBITORY	5	0	ChEMBL;GuideToPharmacology;MyCancerGenome;TALC;TTD
CDK1	2	R547	iuphar.ligand:5707	False	0.2405999522421942	inhibitor,inhibitor	INHIBITORY,INHIBITORY	2	0	ChEMBL;GuideToPharmacology
AURKB	2	KW-2449	iuphar.ligand:5691	False	0.2326680856847592	inhibitor,inhibitor	INHIBITORY,INHIBITORY	2	0	ChEMBL;GuideToPharmacology
PLK1	2	ONVANSERTIB	ncit:C143162	False	0.2228715347085588	inhibitor,inhibitor	INHIBITORY,INHIBITORY	4	0	ChEMBL;GuideToPharmacology;TALC;TTD
AURKB	2	AT9283	drugbank:DB05169	False	0.2115164415315993	inhibitor	INHIBITORY	4	0	MyCancerGenome;TALC;TTD;TdgClinicalTrial
CDK1	2	(S)-CR8	iuphar.ligand:11064	False	0.2004999602018285	inhibitor	INHIBITORY	1	0	GuideToPharmacology
CDK1	2	AG-24322	chembl:CHEMBL3545420	False	0.2004999602018285	inhibitor	INHIBITORY	1	0	ChEMBL
CDK1	2	CDK1/2/4 INHIBITOR AG-024322	ncit:C52182	False	0.2004999602018285			1	0	TTD
CDK1	2	CDK4 INHIBITOR	iuphar.ligand:5950	False	0.2004999602018285	inhibitor	INHIBITORY	1	0	GuideToPharmacology
CDK1	2	K-00546	drugbank:DB07664	False	0.2004999602018285	inhibitor	INHIBITORY	1	0	GuideToPharmacology
CDK1	2	PHA-793887	drugbank:DB12686	False	0.2004999602018285			1	0	TTD
CDK1	2	RIVICICLIB	chembl:CHEMBL3545283	False	0.2004999602018285	inhibitor	INHIBITORY	1	0	ChEMBL
CDK1	2	RO3306	iuphar.ligand:10095	False	0.2004999602018285	inhibitor	INHIBITORY	1	0	GuideToPharmacology
AURKB	2	COMPOUND 25 [PMID: 20855207]	iuphar.ligand:8159	False	0.193890071403966	inhibitor	INHIBITORY	1	0	GuideToPharmacology
AURKB	2	EP-0042	drugbank:DB18120	False	0.193890071403966	inhibitor	INHIBITORY	1	0	GuideToPharmacology
AURKB	2	MK-5108	drugbank:DB12556	False	0.193890071403966			1	0	TTD
AURKB	2	MK-5108	iuphar.ligand:8061	False	0.193890071403966	inhibitor	INHIBITORY	1	0	GuideToPharmacology
AURKB	2	MK-6592	chembl:CHEMBL3545378	False	0.193890071403966	inhibitor	INHIBITORY	1	0	ChEMBL
AURKB	2	TOZASERTIB LACTATE	ncit:C61319	False	0.193890071403966			1	0	TTD
AURKB	2	TTP-607	chembl:CHEMBL3545327	False	0.193890071403966	inhibitor	INHIBITORY	1	0	ChEMBL
AURKB	2	XMD-12	iuphar.ligand:11665	False	0.193890071403966	inhibitor	INHIBITORY	1	0	GuideToPharmacology
CDK1	2	RONICICLIB	ncit:C92579	False	0.1804499641816456	inhibitor,inhibitor	INHIBITORY,INHIBITORY	3	0	CancerCommons;GuideToPharmacology;TTD
CDK1	2	6-PHENYL[5H]PYRROLO[2,3-B]PYRAZINE	drugbank:DB07364	False	0.1503749701513713	inhibitor	INHIBITORY	1	0	GuideToPharmacology
CDK1	2	ASNUCICLIB	iuphar.ligand:12074	False	0.1503749701513713	inhibitor	INHIBITORY	1	0	GuideToPharmacology
CDK1	2	COMPOUND 9B [PMID: 18986805]	iuphar.ligand:8160	False	0.1503749701513713	inhibitor	INHIBITORY	1	0	GuideToPharmacology
CDK1	2	MILCICLIB	ncit:C148410	False	0.1503749701513713	inhibitor,inhibitor	INHIBITORY,INHIBITORY	2	0	ChEMBL;GuideToPharmacology
CDK1	2	SAMURACICLIB	iuphar.ligand:9903	False	0.1503749701513713	inhibitor	INHIBITORY	1	0	GuideToPharmacology
CDK1	2	THAL-SNS-032	iuphar.ligand:10547	False	0.1503749701513713	inhibitor	INHIBITORY	1	0	GuideToPharmacology
AURKB	2	AURORA KINASE INHIBITOR AMG 900	ncit:C82349	False	0.1454175535529745			1	0	TTD
AURKB	2	BI-847325	iuphar.ligand:12661	False	0.1454175535529745	inhibitor	INHIBITORY	2	0	MyCancerGenome;TTD
AURKB	2	BMS-754807	iuphar.ligand:7952	False	0.1454175535529745			1	1	DTC
AURKB	2	COMPOUND 38 [PMID: 20817473]	iuphar.ligand:8768	False	0.1454175535529745	inhibitor	INHIBITORY	1	0	GuideToPharmacology
AURKB	2	IBCASERTIB	chembl:CHEMBL5095033	False	0.1454175535529745	inhibitor	INHIBITORY	1	0	ChEMBL
PLK1	2	CHEMBL:CHEMBL118378	chembl:CHEMBL118378	False	0.1392947091928492			1	0	DTC
PLK1	2	CHEMBL:CHEMBL164449	chembl:CHEMBL164449	False	0.1392947091928492			1	0	DTC
PLK1	2	CHEMBL:CHEMBL495852	chembl:CHEMBL495852	False	0.1392947091928492			1	0	DTC
PLK1	2	CHEMBL:CHEMBL548629	chembl:CHEMBL548629	False	0.1392947091928492			1	0	DTC
PLK1	2	CHEMBL:CHEMBL555260	chembl:CHEMBL555260	False	0.1392947091928492			1	0	DTC
PLK1	2	CHEMBL:CHEMBL582764	chembl:CHEMBL582764	False	0.1392947091928492			1	0	DTC
PLK1	2	CHEMBL:CHEMBL599712	chembl:CHEMBL599712	False	0.1392947091928492			1	0	DTC
PLK1	2	CHEMBL:CHEMBL599957	chembl:CHEMBL599957	False	0.1392947091928492			1	0	DTC
PLK1	2	COMPOUND 6 [PMID: 30125504]	iuphar.ligand:10073	False	0.1392947091928492	inhibitor	INHIBITORY	1	0	GuideToPharmacology
PLK1	2	DIFFRACTAIC ACID	chembl:CHEMBL367741	False	0.1392947091928492			1	0	DTC
PLK1	2	DUAL BRD4/PLK1 INHIBITOR 23	iuphar.ligand:10072	False	0.1392947091928492	inhibitor	INHIBITORY	1	0	GuideToPharmacology
PLK1	2	GSK579289A	iuphar.ligand:8150	False	0.1392947091928492	inhibitor	INHIBITORY	1	0	GuideToPharmacology
PLK1	2	GYROPHORIC ACID	chembl:CHEMBL470648	False	0.1392947091928492			1	0	DTC
PLK1	2	HMN-214	chembl:CHEMBL3991927	False	0.1392947091928492	inhibitor	INHIBITORY	1	0	ChEMBL
PLK1	2	PENTOSALEN	chembl:CHEMBL453805	False	0.1392947091928492			1	0	DTC
PLK1	2	TRITIOZINE	chembl:CHEMBL1414826	False	0.1392947091928492			1	0	DTC
PLK1	2	XY-06-007	iuphar.ligand:12141	False	0.1392947091928492	inhibitor	INHIBITORY	1	0	GuideToPharmacology
CDK1	2	PATULIN	chembl:CHEMBL294018	False	0.1336666401345523			1	1	DTC
CDK1	2	ALVOCIDIB	ncit:C74940	False	0.1202999761210971	inhibitor	INHIBITORY	3	0	ChEMBL;MyCancerGenome;TdgClinicalTrial
CDK1	2	TANUXICICLIB	iuphar.ligand:11885	False	0.1202999761210971	inhibitor	INHIBITORY	1	0	GuideToPharmacology
CDK1	2	AT-7519	iuphar.ligand:5662	False	0.1145714058296162	inhibitor,inhibitor	INHIBITORY,INHIBITORY	3	1	ChEMBL;DTC;GuideToPharmacology
CDK1	2	CINNARIZINE	rxcui:2549	True	0.1093636146555428			1	1	DTC
CDK1	2	LADUVIGLUSIB	ncit:C177060	False	0.1093636146555428	inhibitor	INHIBITORY	2	0	GuideToPharmacology;TTD
AURKB	2	BARASERTIB-HQPA	iuphar.ligand:5663	False	0.1057582207657996	inhibitor	INHIBITORY	3	1	DTC;GuideToPharmacology;TTD
CDK1	2	AMINOPURVALANOL A	iuphar.ligand:5927	False	0.1002499801009142	inhibitor	INHIBITORY	1	0	GuideToPharmacology
CDK1	2	BAY 11-7082	iuphar.ligand:5934	False	0.1002499801009142			1	1	DTC
CDK1	2	BS-194	iuphar.ligand:8176	False	0.1002499801009142	inhibitor	INHIBITORY	1	0	GuideToPharmacology
CDK1	2	CDK1/5 INHIBITOR	iuphar.ligand:5947	False	0.1002499801009142	inhibitor	INHIBITORY	1	0	GuideToPharmacology
CDK1	2	CGP74514A	iuphar.ligand:5945	False	0.1002499801009142	inhibitor	INHIBITORY	1	0	GuideToPharmacology
CDK1	2	KINASE INHIBITOR 2 [PMID: 30199702]	iuphar.ligand:10081	False	0.1002499801009142	inhibitor	INHIBITORY	1	0	GuideToPharmacology
CDK1	2	RGB-286638	chembl:CHEMBL3545083	False	0.1002499801009142	inhibitor	INHIBITORY	1	0	ChEMBL
CDK1	2	WITHAFERIN A	iuphar.ligand:13097	False	0.1002499801009142			1	1	DTC
CDK1	2	ZOTIRACICLIB	iuphar.ligand:9095	False	0.1002499801009142	inhibitor,inhibitor	INHIBITORY,INHIBITORY	2	0	ChEMBL;GuideToPharmacology
AURKB	2	AR-AO-14418	drugbank:DB01950	False	0.09694503570198303			1	0	DTC
AURKB	2	AT-9283	iuphar.ligand:7949	False	0.09694503570198303	inhibitor	INHIBITORY	1	0	GuideToPharmacology
AURKB	2	AT-9283	chembl:CHEMBL495727	False	0.09694503570198303	inhibitor	INHIBITORY	1	0	ChEMBL
AURKB	2	DUBERMATINIB	ncit:C127116	False	0.09694503570198303	inhibitor	INHIBITORY	1	0	GuideToPharmacology
AURKB	2	EUPATORIN	iuphar.ligand:13862	False	0.09694503570198303			1	0	DTC
AURKB	2	GSK2334470	iuphar.ligand:8008	False	0.09694503570198303	inhibitor	INHIBITORY	1	0	GuideToPharmacology
AURKB	2	WITHAFERIN A	iuphar.ligand:13097	False	0.09694503570198303			1	1	DTC
PLK1	2	CHEMBL:CHEMBL121556	chembl:CHEMBL121556	False	0.09286313946189953			1	0	DTC
PLK1	2	CHEMBL:CHEMBL1271059	chembl:CHEMBL1271059	False	0.09286313946189953			1	0	DTC
PLK1	2	CHEMBL:CHEMBL1605629	chembl:CHEMBL1605629	False	0.09286313946189953			1	0	DTC
PLK1	2	CHEMBL:CHEMBL462861	chembl:CHEMBL462861	False	0.09286313946189953			1	0	DTC
PLK1	2	CHEMBL:CHEMBL530149	chembl:CHEMBL530149	False	0.09286313946189953			1	0	DTC
PLK1	2	CHEMBL:CHEMBL587449	chembl:CHEMBL587449	False	0.09286313946189953			1	0	DTC
PLK1	2	CHEMBL:CHEMBL590665	chembl:CHEMBL590665	False	0.09286313946189953			1	0	DTC
PLK1	2	CHEMBL:CHEMBL592314	chembl:CHEMBL592314	False	0.09286313946189953			1	0	DTC
PLK1	2	FLUORESCEIN DIACETATE	chembl:CHEMBL1492044	False	0.09286313946189953			1	0	DTC
PLK1	2	TOSUFLOXACIN TOSYLATE	chembl:CHEMBL104270	False	0.09286313946189953			1	0	DTC
PLK1	2	VANITIOLIDE	chembl:CHEMBL1380480	False	0.09286313946189953			1	0	DTC
CDK1	2	RGB-286638	iuphar.ligand:7744	False	0.0925384431700747	inhibitor	INHIBITORY	2	0	GuideToPharmacology;TTD
CDK1	2	SELICICLIB	ncit:C62783	False	0.0925384431700747	inhibitor	INHIBITORY	2	0	ChEMBL;TTD
TTK	2	HESPERADIN	iuphar.ligand:8354	False	0.08821998248880454	inhibitor	INHIBITORY	1	1	DTC
CDK1	2	(7S)-2-(2-AMINOPYRIMIDIN-4-YL)-7-(2-FLUOROETHYL)-1,5,6,7-TETRAHYDRO-4H-PYRROLO[3,2-C]PYRIDIN-4-ONE	drugbank:DB07149	False	0.08592855437221222	inhibitor	INHIBITORY	1	0	GuideToPharmacology
CDK1	2	CDK INHIBITOR 4.35	iuphar.ligand:10357	False	0.08592855437221222	inhibitor	INHIBITORY	1	0	GuideToPharmacology
CDK1	2	CLOFIBRATE	rxcui:2594	True	0.08592855437221222			1	1	DTC
CDK1	2	ROTENONE	chembl:CHEMBL429023	False	0.08592855437221222			1	1	DTC
AURKB	2	NIK INHIBITOR 12F	iuphar.ligand:10947	False	0.08309574488741402	inhibitor	INHIBITORY	1	0	GuideToPharmacology
AURKB	2	TINENGOTINIB	iuphar.ligand:11887	False	0.08309574488741402	inhibitor	INHIBITORY	1	0	GuideToPharmacology
CDK1	2	CDK2 INHIBITOR IV	iuphar.ligand:5949	False	0.07518748507568569	inhibitor	INHIBITORY	1	0	GuideToPharmacology
AURKB	2	CDK2 INHIBITOR IV	iuphar.ligand:5949	False	0.07270877677648727	inhibitor	INHIBITORY	1	0	GuideToPharmacology
AURKB	2	GSK2646264	iuphar.ligand:10108	False	0.07270877677648727	inhibitor	INHIBITORY	1	0	GuideToPharmacology
AURKB	2	IBCASERTIB	iuphar.ligand:10475	False	0.07270877677648727	inhibitor	INHIBITORY	1	0	GuideToPharmacology
AURKB	2	TAK-632	iuphar.ligand:10387	False	0.07270877677648727	inhibitor	INHIBITORY	1	0	GuideToPharmacology
PLK1	2	(4-CHLOROPHENYL)(MORPHOLINO)METHANETHIONE	chembl:CHEMBL1348974	False	0.06964735459642464			1	0	DTC
PLK1	2	3,5-DIPHENYLISOXAZOLE	chembl:CHEMBL1374535	False	0.06964735459642464			1	0	DTC
PLK1	2	AMORFRUTIN A	chembl:CHEMBL491820	False	0.06964735459642464			1	0	DTC
PLK1	2	CHEMBL:CHEMBL1412002	chembl:CHEMBL1412002	False	0.06964735459642464			1	0	DTC
PLK1	2	CHEMBL:CHEMBL1707907	chembl:CHEMBL1707907	False	0.06964735459642464			1	0	DTC
PLK1	2	CHEMBL:CHEMBL223575	chembl:CHEMBL223575	False	0.06964735459642464			1	0	DTC
PLK1	2	CHEMBL:CHEMBL274921	chembl:CHEMBL274921	False	0.06964735459642464			1	0	DTC
PLK1	2	CHEMBL:CHEMBL534535	chembl:CHEMBL534535	False	0.06964735459642464			1	0	DTC
PLK1	2	CHEMBL:CHEMBL592558	chembl:CHEMBL592558	False	0.06964735459642464			1	0	DTC
PLK1	2	RIGOSERTIB	ncit:C152216	False	0.06964735459642464			2	0	TTD;TdgClinicalTrial
AURKB	2	ZM447439	iuphar.ligand:8353	False	0.06843178990728213	inhibitor	INHIBITORY	2	0	DTC;GuideToPharmacology
AURKB	2	BX-795	iuphar.ligand:8006	False	0.06463002380132202	inhibitor	INHIBITORY	1	0	GuideToPharmacology
AURKB	2	CHEMBL:CHEMBL535331	chembl:CHEMBL535331	False	0.06463002380132202			1	0	DTC
AURKB	2	MLN-8054	iuphar.ligand:5696	False	0.06463002380132202	inhibitor	INHIBITORY	2	1	DTC;GuideToPharmacology
CDK1	2	SERTRALINE HYDROCHLORIDE	rxcui:155137	True	0.06331577690584057			1	1	DTC
AURKB	2	COPANLISIB	rxcui:1945077	True	0.06122844360125243			1	1	CIViC
CDK1	2	BMS-345541	iuphar.ligand:5669	False	0.06014998806054855			1	0	DTC
AURKB	2	BELUMOSUDIL	rxcui:2564025	True	0.05816702142118981			1	0	DTC
AURKB	2	BMS-345541	iuphar.ligand:5669	False	0.05816702142118981			1	0	DTC
AURKB	2	TOZASERTIB	ncit:C98053	False	0.05816702142118981	inhibitor,inhibitor	INHIBITORY,INHIBITORY	5	2	ChEMBL;DTC;GuideToPharmacology;TALC;TdgClinicalTrial
CDK1	2	AZD5438	iuphar.ligand:8473	False	0.05728570291480814	inhibitor,inhibitor	INHIBITORY,INHIBITORY	2	0	ChEMBL;GuideToPharmacology
PLK1	2	AMBUNOL	chembl:CHEMBL454893	False	0.05571788367713971			1	0	DTC
PLK1	2	CHEMBL:CHEMBL1232076	chembl:CHEMBL1232076	False	0.05571788367713971			1	0	DTC
PLK1	2	CHEMBL:CHEMBL1426508	chembl:CHEMBL1426508	False	0.05571788367713971			1	0	DTC
PLK1	2	CHEMBL:CHEMBL1489812	chembl:CHEMBL1489812	False	0.05571788367713971			1	0	DTC
PLK1	2	CHEMBL:CHEMBL151797	chembl:CHEMBL151797	False	0.05571788367713971			1	0	DTC
PLK1	2	CHEMBL:CHEMBL585654	chembl:CHEMBL585654	False	0.05571788367713971			1	0	DTC
PLK1	2	CHLORPYRIFOS	chembl:CHEMBL463210	False	0.05571788367713971			1	0	DTC
PLK1	2	PHOSMET	chembl:CHEMBL1481873	False	0.05571788367713971			1	0	DTC
PLK1	2	RO3280	iuphar.ligand:9403	False	0.05571788367713971	inhibitor	INHIBITORY	1	0	GuideToPharmacology
PLK1	2	THIOGUANOSINE	chembl:CHEMBL283078	False	0.05571788367713971			1	0	DTC
PLK1	2	WNY0824	iuphar.ligand:12143	False	0.05571788367713971	inhibitor	INHIBITORY	1	0	GuideToPharmacology
CDK1	2	MKC-1	ncit:C2507	False	0.05468180732777141			1	0	TTD
AURKB	2	LAS38096	iuphar.ligand:5617	False	0.05287911038289983			1	0	DTC
CDK1	2	1-AZAKENPAULLONE	iuphar.ligand:8018	False	0.05012499005045713	inhibitor	INHIBITORY	1	0	GuideToPharmacology
CDK1	2	FENOFIBRATE MICRONIZED	rxcui:221100	True	0.05012499005045713			1	1	DTC
PLK1	2	2,4-DIHYDROXYBENZOPHENONE	chembl:CHEMBL1392	False	0.04643156973094976			1	0	DTC
PLK1	2	CHEMBL:CHEMBL118678	chembl:CHEMBL118678	False	0.04643156973094976			1	0	DTC
PLK1	2	CHEMBL:CHEMBL1306556	chembl:CHEMBL1306556	False	0.04643156973094976			1	0	DTC
PLK1	2	CHEMBL:CHEMBL1310701	chembl:CHEMBL1310701	False	0.04643156973094976			1	0	DTC
PLK1	2	CHEMBL:CHEMBL1363249	chembl:CHEMBL1363249	False	0.04643156973094976			1	0	DTC
PLK1	2	CHEMBL:CHEMBL1459280	chembl:CHEMBL1459280	False	0.04643156973094976			1	0	DTC
PLK1	2	CHEMBL:CHEMBL388979	chembl:CHEMBL388979	False	0.04643156973094976			1	0	DTC
PLK1	2	CHEMBL:CHEMBL467987	chembl:CHEMBL467987	False	0.04643156973094976			1	0	DTC
PLK1	2	CHEMBL:CHEMBL565893	chembl:CHEMBL565893	False	0.04643156973094976			1	0	DTC
PLK1	2	CHEMBL:CHEMBL585628	chembl:CHEMBL585628	False	0.04643156973094976			1	0	DTC
CDK1	2	(RS)-ROSCOVITINE	chembl:CHEMBL52387	False	0.04626922158503735			1	0	DTC
CDK1	2	7-HYDROXYSTAUROSPORINE	iuphar.ligand:7907	False	0.04626922158503735	inhibitor	INHIBITORY	1	0	GuideToPharmacology
CDK1	2	BMS-387032	iuphar.ligand:5670	False	0.0400999920403657	inhibitor	INHIBITORY	1	0	GuideToPharmacology
CDK1	2	SU9516	drugbank:DB03428	False	0.0400999920403657	inhibitor	INHIBITORY	1	0	GuideToPharmacology
CDK1	2	VORUCICLIB	ncit:C141430	False	0.0400999920403657	inhibitor	INHIBITORY	1	0	GuideToPharmacology
PLK1	2	2,6-DIMETHOXYQUINONE	chembl:CHEMBL448515	False	0.03979848834081408			1	0	DTC
PLK1	2	CHEMBL:CHEMBL119878	chembl:CHEMBL119878	False	0.03979848834081408			1	0	DTC
PLK1	2	CHEMBL:CHEMBL122355	chembl:CHEMBL122355	False	0.03979848834081408			1	0	DTC
PLK1	2	CHEMBL:CHEMBL1287980	chembl:CHEMBL1287980	False	0.03979848834081408			1	0	DTC
PLK1	2	CHEMBL:CHEMBL1701915	chembl:CHEMBL1701915	False	0.03979848834081408			1	0	DTC
PLK1	2	PROROXAN HYDROCHLORIDE	chembl:CHEMBL1334693	False	0.03979848834081408			1	0	DTC
PLK1	2	SUCCIMER	rxcui:3446	True	0.03979848834081408			1	0	DTC
AURKB	2	ALISERTIB	ncit:C71717	False	0.03712788601352541			2	1	CIViC;DTC
CDK1	2	AZD-1080	chembl:CHEMBL1969664	False	0.03538234591796974			1	0	DTC
PLK1	2	CEFSULODIN SODIUM	rxcui:267417	False	0.03482367729821232			1	0	DTC
PLK1	2	CHEMBL:CHEMBL103583	chembl:CHEMBL103583	False	0.03482367729821232			1	0	DTC
PLK1	2	CHEMBL:CHEMBL582478	chembl:CHEMBL582478	False	0.03482367729821232			1	0	DTC
PLK1	2	CHEMBL:CHEMBL599098	chembl:CHEMBL599098	False	0.03482367729821232			1	0	DTC
PLK1	2	CHEMBL:CHEMBL602807	chembl:CHEMBL602807	False	0.03482367729821232			1	0	DTC
CDK1	2	CLOTRIMAZOLE	rxcui:2623	True	0.03341666003363808			1	1	DTC
PLK1	2	CHEMBL:CHEMBL125044	chembl:CHEMBL125044	False	0.03095437982063317			1	0	DTC
PLK1	2	CHEMBL:CHEMBL1255944	chembl:CHEMBL1255944	False	0.03095437982063317			1	0	DTC
PLK1	2	CHEMBL:CHEMBL1486366	chembl:CHEMBL1486366	False	0.03095437982063317			1	0	DTC
PLK1	2	CHEMBL:CHEMBL1503729	chembl:CHEMBL1503729	False	0.03095437982063317			1	0	DTC
PLK1	2	CHEMBL:CHEMBL1537417	chembl:CHEMBL1537417	False	0.03095437982063317			1	0	DTC
PLK1	2	CHEMBL:CHEMBL599255	chembl:CHEMBL599255	False	0.03095437982063317			1	0	DTC
CDK1	2	RONICICLIB	chembl:CHEMBL4442620	False	0.03007499403027427	inhibitor	INHIBITORY	1	0	ChEMBL
PLK1	2	WORTMANNIN	ncit:C1277	False	0.02932520193533669			1	1	NCI
CDK1	2	PHA-793887	chembl:CHEMBL1230607	False	0.02864285145740407	inhibitor	INHIBITORY	1	0	ChEMBL
PLK1	2	1,4-DIMETHOXYANTHRAQUINONE	chembl:CHEMBL570408	False	0.02785894183856985			1	0	DTC
PLK1	2	CHEMBL:CHEMBL171699	chembl:CHEMBL171699	False	0.02785894183856985			1	0	DTC
PLK1	2	CHEMBL:CHEMBL538798	chembl:CHEMBL538798	False	0.02785894183856985			1	0	DTC
PLK1	2	HYDROXYZINE PAMOATE	chembl:CHEMBL1200467	True	0.02785894183856985			1	0	DTC
PLK1	2	PHYSODIC ACID	chembl:CHEMBL171637	False	0.02785894183856985			1	0	DTC
PLK1	2	SCLEROTIORIN	chembl:CHEMBL1095515	False	0.02785894183856985			1	0	DTC
PLK1	2	CHEMBL:CHEMBL1224755	chembl:CHEMBL1224755	False	0.02532631076233623			1	0	DTC
PLK1	2	CHEMBL:CHEMBL1310138	chembl:CHEMBL1310138	False	0.02532631076233623			1	0	DTC
PLK1	2	CHEMBL:CHEMBL1362503	chembl:CHEMBL1362503	False	0.02532631076233623			1	0	DTC
PLK1	2	CHEMBL:CHEMBL374632	chembl:CHEMBL374632	False	0.02532631076233623			1	0	DTC
PLK1	2	LITHOCHOLIC ACID	iuphar.ligand:611	False	0.02532631076233623			1	0	DTC
PLK1	2	OLEIC ACID	rxcui:7631	True	0.02532631076233623			1	0	DTC
PLK1	2	OXYPHENBUTAZONE	rxcui:7816	False	0.02532631076233623			1	0	DTC
PLK1	2	TOPOTECAN HYDROCHLORIDE	chembl:CHEMBL1607	True	0.02532631076233623			1	0	DTC
AURKB	2	(3Z)-N,N-DIMETHYL-2-OXO-3-(4,5,6,7-TETRAHYDRO-1H-INDOL-2-YLMETHYLIDENE)-2,3-DIHYDRO-1H-INDOLE-5-SULFONAMIDE	drugbank:DB08039	False	0.02529000931356078	inhibitor	INHIBITORY	1	0	GuideToPharmacology
CDK1	2	RUCAPARIB	rxcui:1862579	True	0.02506249502522856			1	0	DTC
CDK1	2	ALSTERPAULLONE	drugbank:DB04014	False	0.02405999522421942	inhibitor	INHIBITORY	2	0	DTC;GuideToPharmacology
CDK1	2	CHEMBL:CHEMBL578061	chembl:CHEMBL578061	False	0.02405999522421942			1	0	DTC
AURKB	2	ENMD-2076	iuphar.ligand:7885	False	0.02326680856847592	inhibitor	INHIBITORY	1	0	ChEMBL
PLK1	2	CHEMBL:CHEMBL116548	chembl:CHEMBL116548	False	0.02321578486547488			1	0	DTC
PLK1	2	CHEMBL:CHEMBL527584	chembl:CHEMBL527584	False	0.02321578486547488			1	0	DTC
PLK1	2	CHEMBL:CHEMBL602969	chembl:CHEMBL602969	False	0.02321578486547488			1	0	DTC
PLK1	2	GUTHION	chembl:CHEMBL530115	False	0.02321578486547488			1	0	DTC
CDK1	2	LY2090314	iuphar.ligand:7958	False	0.02313461079251867			1	0	DTC
AURKB	2	JNJ-7706621	iuphar.ligand:5932	False	0.02237193131584223	inhibitor	INHIBITORY	2	0	DTC;GuideToPharmacology
AURKB	2	ILORASERTIB	ncit:C116729	False	0.0221588653033104	inhibitor,inhibitor	INHIBITORY,INHIBITORY	4	0	ChEMBL;DTC;GuideToPharmacology;TTD
AURKB	2	HESPERADIN	iuphar.ligand:8354	False	0.02181263303294618	inhibitor,inhibitor	INHIBITORY,INHIBITORY	2	1	DTC;GuideToPharmacology
AURKB	2	FASUDIL	ncit:C65624	False	0.02154334126710733			1	0	DTC
CDK1	2	LAUROGUADINE	chembl:CHEMBL1980715	False	0.02148213859305305			1	0	DTC
PLK1	2	FLUPIRTINE MALEATE	chembl:CHEMBL1256752	False	0.02142995526043835			1	0	DTC
PLK1	2	NANAOMYCIN	chembl:CHEMBL1212972	False	0.02142995526043835			1	0	DTC
PLK1	2	PENTABROMOPHENOL	chembl:CHEMBL1235157	False	0.02142995526043835			1	0	DTC
PLK1	2	STAVUDINE	rxcui:59763	True	0.02142995526043835			1	0	DTC
AURKB	2	LAPATINIB	rxcui:480167	True	0.02005759359351373			1	0	DTC
PLK1	2	AROTINOID ACID	drugbank:DB02877	False	0.01989924417040704			1	0	DTC
PLK1	2	CEFAMANDOLE SODIUM	chembl:CHEMBL1360024	False	0.01989924417040704			1	0	DTC
PLK1	2	CHEMBL:CHEMBL175266	chembl:CHEMBL175266	False	0.01989924417040704			1	0	DTC
PLK1	2	CHEMBL:CHEMBL184450	chembl:CHEMBL184450	False	0.01989924417040704			1	0	DTC
PLK1	2	CRYPTOTANSHINONE	chembl:CHEMBL187460	False	0.01989924417040704			1	0	DTC
PLK1	2	EMBELIN	chembl:CHEMBL221137	False	0.01989924417040704			1	0	DTC
PLK1	2	IDARUBICIN HYDROCHLORIDE	chembl:CHEMBL1200976	True	0.01989924417040704			1	0	DTC
PLK1	2	PENTACHLOROPHENOL	chembl:CHEMBL75967	False	0.01989924417040704			1	0	DTC
PLK1	2	CHEMBL:CHEMBL24983	chembl:CHEMBL24983	False	0.0185726278923799			1	0	DTC
PLK1	2	CHEMBL:CHEMBL297304	chembl:CHEMBL297304	False	0.0185726278923799			1	0	DTC
PLK1	2	LOBARIC ACID	chembl:CHEMBL551842	False	0.0185726278923799			1	0	DTC
PLK1	2	LOMOFUNGIN	chembl:CHEMBL1505471	False	0.0185726278923799			1	0	DTC
AURKB	2	CHEMBL:CHEMBL546797	chembl:CHEMBL546797	False	0.01817719419412181			1	0	DTC
AURKB	2	CYC-116	chembl:CHEMBL482967	False	0.01798980043954324	inhibitor	INHIBITORY	2	1	ChEMBL;DTC
PLK1	2	ACITRETIN	rxcui:16818	True	0.01741183864910616			1	0	DTC
PLK1	2	BENSERAZIDE HYDROCHLORIDE	chembl:CHEMBL1255778	False	0.01741183864910616			1	0	DTC
PLK1	2	CHEMBL:CHEMBL1519374	chembl:CHEMBL1519374	False	0.01741183864910616			1	0	DTC
PLK1	2	CHEMBL:CHEMBL599924	chembl:CHEMBL599924	False	0.01741183864910616			1	0	DTC
PLK1	2	EUFLAVINE	chembl:CHEMBL354349	False	0.01741183864910616			1	0	DTC
PLK1	2	SENNOSIDE B	chembl:CHEMBL445268	False	0.01741183864910616			1	0	DTC
PLK1	2	ANTISENSE OLIGONUCLEOTIDES	ncit:C1291	False	0.01688420717489082			1	1	NCI
PLK1	2	BENZBROMARONE	rxcui:1385	True	0.01638761284621756			1	0	DTC
PLK1	2	CEFACLOR ANHYDROUS	rxcui:1450910	True	0.01638761284621756			1	0	DTC
PLK1	2	CHEMBL:CHEMBL1451216	chembl:CHEMBL1451216	False	0.01638761284621756			1	0	DTC
PLK1	2	CHEMBL:CHEMBL523200	chembl:CHEMBL523200	False	0.01638761284621756			1	0	DTC
PLK1	2	OXIDOPAMINE HYDROCHLORIDE	chembl:CHEMBL451197	False	0.01638761284621756			1	0	DTC
PLK1	2	INAMRINONE	rxcui:738	True	0.01547718991031658			1	0	DTC
PLK1	2	N-OLEOYLDOPAMINE	iuphar.ligand:5552	False	0.01547718991031658			1	0	DTC
PLK1	2	PYRONIN Y	chembl:CHEMBL1486690	False	0.01547718991031658			1	0	DTC
CDK1	2	BAY 61-3606	iuphar.ligand:9693	False	0.01503749701513713			1	0	DTC
PLK1	2	ACID BLUE 129	chembl:CHEMBL133576	False	0.01466260096766834			1	0	DTC
PLK1	2	CEPHALOCHROMIN	chembl:CHEMBL463175	False	0.01466260096766834			1	0	DTC
AURKB	2	BAY 61-3606	iuphar.ligand:9693	False	0.01454175535529745			1	0	DTC
CDK1	2	SNS-314	chembl:CHEMBL482767	False	0.01432142572870203			1	0	DTC
PLK1	2	OXYTETRACYCLINE ANHYDROUS	rxcui:1545999	True	0.01392947091928492			1	0	DTC
AURKB	2	SNS-314	chembl:CHEMBL482767	False	0.013849290814569	inhibitor	INHIBITORY	1	0	ChEMBL
AURKB	2	CP-547632	iuphar.ligand:7881	False	0.01352721428399763			1	0	DTC
PLK1	2	APOMORPHINE HYDROCHLORIDE	chembl:CHEMBL3187985	True	0.01326616278027136			1	0	DTC
PLK1	2	PROTOPORPHYRIN	drugbank:DB02285	False	0.01326616278027136			1	0	DTC
PLK1	2	PURPURIN	chembl:CHEMBL294264	False	0.01326616278027136			1	0	DTC
PLK1	2	SLAZINIC ACID	chembl:CHEMBL172439	False	0.01326616278027136			1	0	DTC
AURKB	2	CHEMBL:CHEMBL379975	chembl:CHEMBL379975	False	0.01321977759572495			1	0	DTC
AURKB	2	DACTOLISIB	ncit:C74072	False	0.01321977759572495			1	0	DTC
CDK1	2	G&OUML; 6976	iuphar.ligand:5973	False	0.01307608436098881			1	0	DTC
AURKB	2	SP-600125	chembl:CHEMBL1725279	False	0.01307124076880669			1	1	DTC
CDK1	2	KENPAULLONE	iuphar.ligand:6000	False	0.01279786980011671			1	0	TTD
AURKB	2	G&OUML; 6976	iuphar.ligand:5973	False	0.01264500465678039			1	0	DTC
AURKB	2	GSK269962A	iuphar.ligand:8037	False	0.01264500465678039			1	0	DTC
AURKB	2	KENPAULLONE	iuphar.ligand:6000	False	0.01237596200450847			1	0	DTC
PLK1	2	CHEMBL:CHEMBL515505	chembl:CHEMBL515505	False	0.01211258340807385			1	0	DTC
PLK1	2	ERYTHROMYCIN	rxcui:4053	True	0.01211258340807385			1	0	DTC
PLK1	2	THIMEROSAL	chembl:CHEMBL508338	False	0.01211258340807385			1	0	DTC
PLK1	2	THIRAM	chembl:CHEMBL120563	False	0.01211258340807385			1	0	DTC
AURKB	2	CEDIRANIB	ncit:C80867	False	0.011870820698202			1	0	DTC
AURKB	2	PAZOPANIB	rxcui:714438	True	0.011870820698202			1	0	DTC
CDK1	2	JNJ-7706621	iuphar.ligand:5932	False	0.01156730539625933	inhibitor	INHIBITORY	1	0	GuideToPharmacology
PLK1	2	PYROGALLOL RED	chembl:CHEMBL210208	False	0.01114357673542794			1	0	DTC
CDK1	2	SOTRASTAURIN	ncit:C80630	False	0.01093636146555428			1	0	DTC
AURKB	2	PD166285	iuphar.ligand:8183	False	0.01077167063355366			1	0	DTC
PLK1	2	HAEMATOXYLIN	chembl:CHEMBL1479103	False	0.01071497763021917			1	0	DTC
PLK1	2	LANSOPRAZOLE	rxcui:17128	True	0.01071497763021917			1	0	DTC
AURKB	2	VANDETANIB	rxcui:1098413	True	0.01038696811092675			1	0	DTC
AURKB	2	ENTRECTINIB	rxcui:2197862	True	0.01020474060020873			1	0	DTC
AURKB	2	ERLOTINIB	rxcui:337525	True	0.01020474060020873			1	0	DTC
PLK1	2	4-CHLOROMERCURIBENZOIC ACID	chembl:CHEMBL575867	False	0.009949622085203521			1	0	DTC
PLK1	2	ELLAGIC ACID	iuphar.ligand:13035	False	0.009949622085203521			1	0	DTC
PLK1	2	GW7647	iuphar.ligand:2674	False	0.009606531668472366			1	0	DTC
CDK1	2	GW441756X	chembl:CHEMBL1516890	False	0.00925384431700747			1	0	DTC
PLK1	2	CHEMBL:CHEMBL592124	chembl:CHEMBL592124	False	0.00898675543179673			1	0	DTC
CDK1	2	COMPOUND 8 [PMID: 17480064]	iuphar.ligand:8763	False	0.008977610158290829			1	0	DTC
AURKB	2	GW441756X	chembl:CHEMBL1516890	False	0.008948772526336895			1	0	DTC
AURKB	2	LINIFANIB	ncit:C71759	False	0.008309574488741402			1	0	DTC
PLK1	2	OMEPRAZOLE	rxcui:7646	True	0.008193806423108782			1	0	DTC
AURKB	2	DASATINIB ANHYDROUS	rxcui:1546019	True	0.007968085126190384			1	0	DTC
PLK1	2	CHEMBL:CHEMBL505670	chembl:CHEMBL505670	False	0.007959697668162817			1	0	DTC
PLK1	2	EBSELEN	ncit:C65503	False	0.007959697668162817			1	0	DTC
PLK1	2	PURPUROGALLIN	chembl:CHEMBL66953	False	0.007738594955158294			1	0	DTC
CDK1	2	TAMATINIB	iuphar.ligand:5706	False	0.007425924451919574			1	0	DTC
PLK1	2	GW843682X	chembl:CHEMBL514499	False	0.007143318420146118			1	0	DTC
CDK1	2	RG-1530	iuphar.ligand:10361	False	0.00699418465820332			1	0	DTC
PLK1	2	DISULFIRAM	rxcui:3554	True	0.006794863863065819			1	0	DTC
PLK1	2	HEXACHLOROPHENE	rxcui:5293	True	0.006794863863065819			1	0	DTC
CDK1	2	SP-600125	chembl:CHEMBL1725279	False	0.006758425624780736			1	0	DTC
PLK1	2	MYRICETIN	drugbank:DB02375	False	0.006478823683388339			1	0	DTC
AURKB	2	DOVITINIB	ncit:C76199	False	0.006391980375954924			1	0	DTC
CDK1	2	CYC-116	chembl:CHEMBL482967	False	0.006201029696963768			1	0	DTC
CDK1	2	NVP-TAE684	iuphar.ligand:5714	False	0.005839804666072675			1	0	DTC
AURKB	2	SORAFENIB	rxcui:495881	True	0.005816702142118981			1	0	DTC
CDK1	2	PF-562271	iuphar.ligand:9381	False	0.005783652698129669			1	0	DTC
AURKB	2	NVP-TAE684	iuphar.ligand:5714	False	0.005647283633125224			1	0	DTC
AURKB	2	PF-562271	iuphar.ligand:9381	False	0.005592982828960559			1	0	DTC
PLK1	2	CHEMBL:CHEMBL429095	chembl:CHEMBL429095	False	0.005571788367713971			1	0	DTC
PLK1	2	SIMVASTATIN	rxcui:36567	True	0.005571788367713971			1	0	DTC
PLK1	2	DIPYRIDAMOLE	rxcui:3521	True	0.005462537615405855			1	0	DTC
CDK1	2	CENISERTIB	chembl:CHEMBL1967878	False	0.005230433744395527			1	0	DTC
PLK1	2	SOTRASTAURIN	ncit:C80630	False	0.005065262152467247			1	0	DTC
AURKB	2	CENISERTIB	chembl:CHEMBL1967878	False	0.005058001862712157	inhibitor	INHIBITORY	1	0	ChEMBL
PLK1	2	COMPOUND 8 [PMID: 17480064]	iuphar.ligand:8763	False	0.004158051020682068			1	0	DTC
PLK1	2	RG-1530	iuphar.ligand:10361	False	0.003239411841694169			1	0	DTC
PLK1	2	NVP-TAE684	iuphar.ligand:5714	False	0.002704751634812607			1	0	DTC
SMG1	4	COMPOUND 11J [PMID: 23021994]	iuphar.ligand:8827	False	13.23299737332068	inhibitor	INHIBITORY	1	0	GuideToPharmacology
UPF1	4	VANDETANIB	rxcui:1098413	True	0.4726070490471672	inhibitor	INHIBITORY	1	0	ClearityFoundationClinicalTrial
UPF1	4	DOVITINIB	ncit:C76199	False	0.290835107105949	inhibitor	INHIBITORY	1	0	ClearityFoundationClinicalTrial
RPL3	4	DORLIMOMAB ARITOX	chembl:CHEMBL2109124	False	0.07351665207400379	inhibitor	INHIBITORY	1	0	ChEMBL
RPL3	4	ELX-02	chembl:CHEMBL4297744	False	0.07351665207400379	modulator		1	0	ChEMBL
RPS15	4	DORLIMOMAB ARITOX	chembl:CHEMBL2109124	False	0.07351665207400379	inhibitor	INHIBITORY	1	0	ChEMBL
RPS15	4	ELX-02	chembl:CHEMBL4297744	False	0.07351665207400379	modulator		1	0	ChEMBL
RPL3	4	CITATUZUMAB BOGATOX	chembl:CHEMBL1743000	False	0.07260903908543584	inhibitor	INHIBITORY	1	0	ChEMBL
RPL3	4	MT-3724	chembl:CHEMBL4297789	False	0.07260903908543584	inhibitor	INHIBITORY	1	0	ChEMBL
RPL3	4	TAPLITUMOMAB PAPTOX	chembl:CHEMBL2107890	False	0.07260903908543584	inhibitor	INHIBITORY	1	0	ChEMBL
RPL3	4	TELIMOMAB ARITOX	chembl:CHEMBL2108790	False	0.07260903908543584	inhibitor	INHIBITORY	1	0	ChEMBL
RPL3	4	ZOLIMOMAB ARITOX	chembl:CHEMBL2108785	False	0.07260903908543584	inhibitor	INHIBITORY	1	0	ChEMBL
RPS15	4	CITATUZUMAB BOGATOX	chembl:CHEMBL1743000	False	0.07260903908543584	inhibitor	INHIBITORY	1	0	ChEMBL
RPS15	4	MT-3724	chembl:CHEMBL4297789	False	0.07260903908543584	inhibitor	INHIBITORY	1	0	ChEMBL
RPS15	4	TAPLITUMOMAB PAPTOX	chembl:CHEMBL2107890	False	0.07260903908543584	inhibitor	INHIBITORY	1	0	ChEMBL
RPS15	4	TELIMOMAB ARITOX	chembl:CHEMBL2108790	False	0.07260903908543584	inhibitor	INHIBITORY	1	0	ChEMBL
RPS15	4	ZOLIMOMAB ARITOX	chembl:CHEMBL2108785	False	0.07260903908543584	inhibitor	INHIBITORY	1	0	ChEMBL
RPL3	4	ATALUREN	ncit:C169791	True	0.07172356299902809	modulator		1	0	ChEMBL
RPS15	4	ATALUREN	ncit:C169791	True	0.07172356299902809	modulator		1	0	ChEMBL
RPL3	4	CYCLOHEXIMIDE	ncit:C171712	False	0.06190875964126634	inhibitor	INHIBITORY	1	0	ChEMBL
RPS15	4	CYCLOHEXIMIDE	ncit:C171712	False	0.06190875964126634	inhibitor	INHIBITORY	1	0	ChEMBL
